0,1,2,3,4,5
False,29.0,Connie Francis,If I Didn't Care,158373.0,spotify:track:5PtRkZoNShkcE1yfy6q444
False,70.0,Pentatonix,Hallelujah,268960.0,spotify:track:0HZk0QsXPhMNAWNDR3rYE8
False,29.0,The New Birth,Dream Merchant,265466.0,spotify:track:5i0h6XtjL1LNRuFUl0STkC
True,55.0,Snoop Dogg,Let's Get Blown,280680.0,spotify:track:0NdxbFFknA7kQ4E2zvJfey
False,35.0,Maxi Priest,Just A Little Bit Longer - Radio Edit,217440.0,spotify:track:0CKl6n1fwj8PxoSDwkr7ke
False,47.0,Tori Kelly,Hollow,210606.0,spotify:track:160hN2OsDXnmgExwtG7cvD
False,58.0,Joe Diffie,John Deere Green,272066.0,spotify:track:2evFJQfQVcDEXyOiyEV6OW
False,12.0,The O'Jays,"Girl, Don't Let It Get You Down",251546.0,spotify:track:0Jp09OKyRNJvhm3AcQ1G2G
,,,,,
False,28.0,Kelly Clarkson,Low,208640.0,spotify:track:7HtE5z6XsuogcQJmnTNAIH
False,7.0,Five Star,If I Say Yes,243400.0,spotify:track:7MLeTfXJNhzmLHt13UzvX8
False,48.0,Major Lance,"Um, Um, Um, Um, Um, Um",139173.0,spotify:track:27FhNKYP8B0F3teHdcD5ob
False,19.0,Cher,Train Of Thought,155853.0,spotify:track:2wMptIPlutnTFs3Ote1PlW
False,57.0,Inner City,Good Life,244773.0,spotify:track:5sJiLlgQKBL81QCTOkoLB5
,,,,,
True,41.0,Rocko,Umma Do Me,230546.0,spotify:track:3YrVdQ19x8VDexsX7ytwJ2
True,47.0,Obie Trice,Got Some Teeth,227026.0,spotify:track:7tszeVkfxO5ISkjZWpIG88
False,39.0,"Bobby ""Blue"" Bland",Turn On Your Love Light,158306.0,spotify:track:0BhtcoMmv2ifcPQJv0edSy
True,54.0,KRS-One,MC's Act Like They Don't Know,295933.0,spotify:track:0snDRsjNRMJhm7SVja8l6J
False,18.0,Balance,Falling In Love,197013.0,spotify:track:4GSiGak8HPbJy1kRlyWx1L
False,10.0,David Hudson,Honey Honey,245213.0,spotify:track:6OWvzS02XNHvbhqWMt125m
False,21.0,Jody Watley,Most Of All,268640.0,spotify:track:26jC8SFZobz3bsUc32bxV8
True,48.0,Derez De’Shon,Hardaway,236032.0,spotify:track:25qhnRgAcImQWfaswqRkwN
False,40.0,Dazz Band,Joystick,323626.0,spotify:track:61MfGE3iEbkzPEaIDVRrTP
False,24.0,The Party,I Found Love,214570.0,spotify:track:1ewPvwe4a9hD6nAgDd2Rk0
False,43.0,Gene Pitney,Twenty Four Hours From Tulsa,177720.0,spotify:track:0flMUxju9xvKbV0xaFZlp6
True,69.0,Korn,Twisted Transistor,188933.0,spotify:track:05NpeTQWnzXS1d8ZqL4YFZ
,,,,,
False,31.0,The Grass Roots,Two Divided By Love,156000.0,spotify:track:1DLjwJ91Zq9yKlPYgg98bo
False,31.0,Travis Tritt,If I Lost You,228866.0,spotify:track:4BT0ltNgL8JljaedanwyVT
True,74.0,Ski Mask The Slump God,Faucet Failure,145626.0,spotify:track:1ThmUihH9dF8EV08ku5AXN
False,69.0,Dr. Alban,It's My Life,239933.0,spotify:track:4539Tbm6Rt5BaNKXJJj9RH
,,,,,
False,49.0,Electric Light Orchestra,Twilight,221960.0,spotify:track:03ZVEpSeeJfROJW65OHgsf
False,3.0,Alvin Cash & The Crawlers,Twine Time,139050.0,spotify:track:4BOvsc4Orv9LWNfSEFbzXH
,,,,,
False,19.0,Barbra Streisand,Kiss Me In the Rain,260800.0,spotify:track:4sXt4EiUMTpfa5GNUXU2hi
False,36.0,Mick Jagger,Lucky In Love,373693.0,spotify:track:0NTk9120h5oAiJPuR9GRcY
False,32.0,The Bellamy Brothers,If I Said You Have a Beautiful Body (Would You Hold It Against Me) - Rerecorded,192933.0,spotify:track:3dyqUDdjXl8DfxCfCDYAor
False,2.0,Titiyo,My Body Says Yes,249866.0,spotify:track:0xmNtl2Ih0jomhIO993E9w
False,10.0,The Human League,I Need Your Loving,223253.0,spotify:track:52xgsCqCg1q51cP8ZV4Dv5
False,31.0,Heart,How Can I Refuse,232066.0,spotify:track:2EPOoZCvCYGfl5HqhXLpn6
,,,,,
False,47.0,Triumph,Magic Power,292400.0,spotify:track:0rzxZlSB2gjnSJinbtaz3v
,,,,,
False,31.0,Basia,New Day For You,267466.0,spotify:track:237SMLdswRjGJmU445btJI
False,49.0,Split Enz,I Got You,209466.0,spotify:track:3KOPorZiKeW6gFeIViqMoq
False,20.0,Don Johnson,Heartache Away,290400.0,spotify:track:5FMGNsThycGCsbAVwbWpah
False,29.0,Dorothy Moore,Funny How Time Slips Away,232240.0,spotify:track:4EmDfJApR28fMkhXZw6bKD
False,41.0,Klymaxx,Meeting In The Ladies Room,316373.0,spotify:track:7mL0DJOgIJ9Z4b0NHVtTZe
,,,,,
True,40.0,DJ Quik,Jus Lyke Compton,251373.0,spotify:track:24M44x9vVlOlXipjJJcAY7
,,,,,
False,63.0,KISS,Lick It Up,236640.0,spotify:track:3cXiUuiGpFmZ8OdAWKk8Ck
False,19.0,Joe Diffie,In Another World,226533.0,spotify:track:0VdpGEpUlEYu9MpX5fsSgt
False,30.0,Jill Sobule,I Kissed a Girl,193773.0,spotify:track:2wbOO38fVqZj0Hz2nRe0Dz
False,17.0,Tyrone Davis,Give It Up (Turn It Loose),259533.0,spotify:track:711LK8KpaM6x6NM6mVDssL
False,29.0,Vicious,Nika,258760.0,spotify:track:0x8r7tVHilIuGFLl3f1qfQ
False,47.0,Jimmy Buffett,Fins,207933.0,spotify:track:4X6qvY7lDpNxq9QokS5F0u
True,73.0,Kendrick Lamar,King Kunta,234693.0,spotify:track:0N3W5peJUQtI4eyR6GJT5O
,,,,,
False,56.0,The Hooters,Johnny B.,237466.0,spotify:track:20JrcZW9Djp70GZyFRrAfl
False,37.0,Scandal,Goodbye to You (feat. Patty Smyth),226426.0,spotify:track:3VoBZSg9JsSyEv6e8vUViA
True,49.0,Fetty Wap,Jimmy Choo,176855.0,spotify:track:7s49Um7G06hq2rulrHPsIy
False,29.0,Dave Matthews Band,I Did It,216293.0,spotify:track:4u1WFYkW7pFmFvyUqUKP16
False,23.0,Soluna,For All Time,242973.0,spotify:track:74FoFQHkUuGyjbmyLJ35fz
False,34.0,Clay Walker,"Live, Laugh, Love",246266.0,spotify:track:3Th5HBAlRZF0oN31ubxHA9
,,,,,
,,,,,
False,38.0,Thompson Square,Glass,231680.0,spotify:track:1jhgT2iu9vcwQy0ukJ8fgW
False,43.0,Chanté Moore,Love's Taken Over,399266.0,spotify:track:7n7wvN50nYgYAsB7iPGz14
False,48.0,The Beatles,Free As A Bird - Anthology 1 Version,265293.0,spotify:track:6hLY3Tz1Xt5kBuKNDTs4ib
False,53.0,Spice Girls,Goodbye,275426.0,spotify:track:6ZNw9Cnc85OeHZrjMAZJfY
False,26.0,The Rolling Stones,Going To A Go-Go - Live / Remastered 2009,203066.0,spotify:track:0XFgoEfKXe4a2rXZHBP7re
False,55.0,Steely Dan,Josie,270760.0,spotify:track:4i74K8KnsOQy8mC1cQ24NL
False,41.0,The Whispers,Lady,307506.0,spotify:track:7sPLPOIORz3sLE2oNbpndr
,,,,,
False,18.0,Wilson Phillips,Give It Up,291066.0,spotify:track:1pT0nVzqrjOSKcHpWZiAIt
,,,,,
True,47.0,Lost Boyz,"Jeeps, Lex Coups, Bimaz & Benz",272466.0,spotify:track:02nH7HXbs3i9kdWef9or8E
False,32.0,Angelina,I Don't Need Your Love,246240.0,spotify:track:2OP627zExZ2BoXlh5cyzut
,,,,,
False,29.0,Bad English,Forget Me Not,295826.0,spotify:track:4SdixGEJtSwCPu1c9wHDjz
False,48.0,The Cure,Fascination Street - 2010 Remaster,316173.0,spotify:track:23j7dlNIalftynH6fNllR9
False,9.0,Gina G,Gimme Some Love,212080.0,spotify:track:4UGzLCZB7yEke66oNGOfPF
False,66.0,Rod Stewart,I Don't Want to Talk About It - 2008 Remaster,288266.0,spotify:track:2JWKzkQbYsNzx019WyGzaH
,,,,,
False,2.0,Narada Michael Walden,I Don't Want Nobody Else (To Dance with You),268373.0,spotify:track:1EAbJGlwv2tpN3VFSB0n5U
False,44.0,Peter Gabriel,Games Without Frontiers,246973.0,spotify:track:4TVnzZW8dIPjMjg5e8gKhH
False,39.0,Lee Greenwood,I.O.U.,189000.0,spotify:track:3dXSVFWK1s0PgtMrAifdDd
False,15.0,Wreckx-N-Effect,Knock-N-Boots,291026.0,spotify:track:0UxEiVVQuhje4Tnmw6Yijl
False,25.0,Glen Campbell,"Turn Around, Look At Me - 1961 version",156000.0,spotify:track:1o9VePckQ360ICcIl2Kil4
,,,,,
False,19.0,Levert,Good Ol' Days,245133.0,spotify:track:1U5Y5BhGG0kO6gULUheEnY
,,,,,
False,51.0,X-Ecutioners,It's Goin' Down (feat. Mike Shinoda & Mr. Hahn),248266.0,spotify:track:7qFEFcjmSAtODGtLYqraCq
True,66.0,Halsey,Nightmare,231998.0,spotify:track:340UVheS8z3ncW9TTUhAbc
False,28.0,Aretha Franklin,Jumpin' Jack Flash,303240.0,spotify:track:6PimXyeHdWR59RSO0O5Ae0
False,69.0,Billy Ocean,Love Really Hurts Without You,179013.0,spotify:track:4GhtDORJiSRYxj6M1bv0vX
False,66.0,Britney Spears,Lucky,206226.0,spotify:track:2TTYIwTM2iLC1YOyHuhRMt
False,40.0,Martika,I Feel the Earth Move,252933.0,spotify:track:1e6GFjm3eYtcnMg4akp6ze
False,39.0,Men At Work,Dr. Heckyll & Mr. Jive,285333.0,spotify:track:4hXxnHb8rmmSHW8QPY4egm
False,34.0,ZZ Top,I Thank You,181960.0,spotify:track:0XJ91yu0ZSLOIGyOCuIrOV
False,30.0,Four Tops,Indestructible,270893.0,spotify:track:7CWSuqxO78yfJXOsFaep67
False,26.0,Huey Lewis & The News,Hope You Love Me Like You Say You Do,224706.0,spotify:track:3mckbbcbQC9yktjioFoLZ9
,,,,,
True,65.0,NAV,Turks (with Gunna & ft. Travis Scott),161319.0,spotify:track:7IMwEtpAiJanqF6vQteZN2
False,40.0,Genesis,Man on the Corner - 2007 Remaster,267426.0,spotify:track:0oZIhxPO45rQkDIMr75gK5
,,,,,
False,45.0,Steely Dan,Time Out Of Mind,252413.0,spotify:track:2SkcfuzAoyrBWkdbxn7Lu1
False,17.0,Olivia Newton-John,Tied Up - Remastered 2021,269367.0,spotify:track:2zts0FxfX1ar6M4lFC6nK1
False,27.0,Rolf Harris,"Tie Me Kangaroo Down, Sport",163400.0,spotify:track:10maCTtDF9d49etMTnA45B
False,64.0,The Beatles,Ticket To Ride - Remastered 2009,189680.0,spotify:track:7CZiDzGVjUssMSOXrDNYHL
False,29.0,Grand Funk Railroad,Time Machine,225373.0,spotify:track:0nDoWlJuMZQ3XfA70L2Loy
False,38.0,The Kingston Trio,M.T.A.,193386.0,spotify:track:7czDlyNEoVpFzh8A4bNSdS
,,,,,
False,19.0,Burl Ives,Funny Way Of Laughing,161533.0,spotify:track:3pwVrPtrH83sSiYvUIfFQE
False,27.0,Steve Lawrence,I Just Want to Stay Here and Love You,147720.0,spotify:track:7KBmbNZ6JMvuoL74Fw9PPW
False,21.0,Connie Francis,Jealous Of You (Tango Della Gelosia),143266.0,spotify:track:1hYcTkSpxl7gd11PazZCWY
False,24.0,The Love Unlimited Orchestra,My Sweet Summer Suite,301706.0,spotify:track:5hkOlDHMj578fYxQgAJMNP
False,15.0,Andy Williams,Hopeless - Single Version,157840.0,spotify:track:0r3dzk4ewWIFyZKeZA0Hog
False,23.0,Elvis Presley,My Wish Came True,154640.0,spotify:track:543SzJd0OFYwTU6AucokHq
False,27.0,Gene Pitney,Mecca,140880.0,spotify:track:693X5GuzxbuUepd8t1G0HE
False,38.0,"Peter, Paul and Mary",I Dig Rock and Roll Music,151706.0,spotify:track:6XQZ6hb6ynQafnlSA0JSH4
False,40.0,The Shangri-Las,I Can Never Go Home Anymore,192906.0,spotify:track:6Dmrx1BOxZXTc2p3W8ezTh
False,46.0,The Supremes,My World Is Empty Without You,154426.0,spotify:track:1kFCFfR5q4VO02KtYguXgh
,,,,,
False,20.0,Pozo Seco Singers,I Can Make It with You,132453.0,spotify:track:7LWUt6WCJsTUBjVl2GhpOK
False,29.0,The Drifters,I Count the Tears,129173.0,spotify:track:6E7zHFyqTkh1PM2qN8h2vG
False,51.0,The J. Geils Band,Must of Got Lost,178240.0,spotify:track:252pAlbltOjOcUux4dRtjp
False,25.0,Brenda Lee,Everybody Loves Me But You,150360.0,spotify:track:33aC0VE93PEf6dAqYOobRN
False,60.0,The Shirelles,Mama Said,124502.0,spotify:track:1SN5fcUZyWFktGbEoHdHOm
,,,,,
False,0.0,Arthur Lyman Group,Love for Sale,183746.0,spotify:track:5PnRtThBsAgt1pS3vcTZ0x
,,,,,
,,,,,
False,27.0,Duffy As Timi Yuro,Make The World Go Away,130184.0,spotify:track:588hXr5A0VURVbUehZzFHa
False,43.0,Brian Hyland,Ginny Come Lately,167906.0,spotify:track:5UF2d8uk5JHmRsBfLHvYdo
False,26.0,Jerry Butler,Make It Easy On Yourself,163533.0,spotify:track:2Ajmy0awi8ST2fZg99I61L
False,41.0,Brenda And The Tabulations,Dry Your Eyes,164133.0,spotify:track:5mlv9Y2cPCjZzppbkWYsKR
,,,,,
False,47.0,The Beach Boys,Little Deuce Coupe - Remastered,100933.0,spotify:track:75WMOzv7195ziyx0qEw1yE
False,66.0,The Beatles,I Saw Her Standing There - Remastered 2009,173946.0,spotify:track:3KiexfmhxHvG5IgAElmTkd
False,26.0,Al Martino,I Love You More And More Every Day - Remastered,135333.0,spotify:track:4I6OrFObPlJNl1bP2KZTjA
False,21.0,Dion,Little Diane,163320.0,spotify:track:1UfGX3eL0ifA3gJSwWPMBi
,,,,,
False,12.0,Jerry Butler,Need To Belong,176440.0,spotify:track:1dM6Ev8R0vTtj2QX5pw9Xq
False,49.0,The Beach Boys,In My Room - Remastered,134133.0,spotify:track:62fX8EW16l8St2yL8rMer9
,,,,,
False,41.0,The Turtles,It Ain't Me Babe (Stereo),132800.0,spotify:track:3UEDSuOorTwYlFYW8aJ551
False,56.0,Gerry & The Pacemakers,Ferry Cross the Mersey - Stereo; 1997 Remaster,143866.0,spotify:track:3NFScsiDPfCzKgQQUL0674
False,20.0,Joe Tex,Hold What You've Got,187840.0,spotify:track:545PsoburZUtR9z75I2wjj
False,56.0,The Beatles,Lady Madonna - Remastered 2015,136826.0,spotify:track:1raiIrqaqRAqZmQWZlLuBd
False,29.0,The Fleetwoods,Goodnight My Love (Pleasant Dreams),143266.0,spotify:track:3UIA4xOZMUFJayTSNkbo6E
False,35.0,Al Green,Let's Get Married,203320.0,spotify:track:3ZzlW5lzXyE0tnsVvzxzZu
False,71.0,Paul Simon,Me and Julio Down by the Schoolyard,164813.0,spotify:track:6vxHp3CDNo0afgKGp2yi1E
False,14.0,Bobby Rydell,Good Time Baby,129466.0,spotify:track:5Zt2tF219dfVI32VAORqXH
False,61.0,Chuck Berry,No Particular Place To Go,163000.0,spotify:track:3qt3ybU6MScMxMKL2TYBvt
,,,,,
False,22.0,Richard Harris,My Boy,193329.0,spotify:track:2KPUkQyadhmHOQwuZxHYC8
,,,,,
,,,,,
False,59.0,The Bobby Fuller Four,I Fought the Law - Single Version,138360.0,spotify:track:6Um3XCAxl9YfFmAnGl93xc
False,66.0,Wilson Pickett,Land of 1000 Dances,146973.0,spotify:track:76ICmoJ4PcoMWoooaTxnQs
False,27.0,Bobby Darin,Multiplication,138146.0,spotify:track:0qvVvC9S1324KZfdX87pSJ
False,9.0,Herman's Hermits,I Can Take Or Leave Your Loving,154146.0,spotify:track:7nxUD7qBjQnCqQ84UvfMdW
False,52.0,Jr. Walker & The All Stars,How Sweet It Is (To Be Loved By You),182440.0,spotify:track:5Rb211KhnOhLLXPpt8awxU
False,30.0,Sam Cooke,Frankie And Johnny - Live,180146.0,spotify:track:7lCkX8C2en1tHHvryx1ywx
False,10.0,James Darren,Her Royal Majesty,132666.0,spotify:track:1cPxnXUCio2zV6yE4pWZ25
False,56.0,The Beach Boys,"Fun, Fun, Fun (Mono)",138906.0,spotify:track:5L0L3RyON6g8avnI20uubN
,,,,,
False,11.0,Thelma Houston,If It's The Last Thing I Do,190293.0,spotify:track:03N7Tzzxr7E4HJU3aptvnL
False,16.0,The Chordettes,No Other Arms No Other Lips,153666.0,spotify:track:1myV5xDR7bSTLrwgqlCrLp
False,30.0,Carla Thomas,I Like What You're Doing (To Me),178160.0,spotify:track:2fnbljRroXC33HuhgyoApM
False,15.0,Candi Staton,In the Ghetto,173640.0,spotify:track:3tC0NI3tf3hStiYspdxfNn
False,7.0,Tommy Roe,It's Now Winter's Day,203466.0,spotify:track:4aaf6Me2nRCDWRajaYJdNo
False,15.0,The Stylistics,Heavy Fallin' Out,316360.0,spotify:track:3MG2gwhsioh4jX133dwVP3
False,20.0,Paul Anka,I Love You In The Same Old Way,146000.0,spotify:track:5dOC0aI0j54SJKLZJTQsvH
False,0.0,Dee Clark,How About That,169810.0,spotify:track:6H04p7DV4saOWMEXRXUDaL
False,24.0,The Champs,Too Much Tequila,130226.0,spotify:track:7gvlDwWAYMzlP6hh54gUfe
False,3.0,Jimmie Rodgers,No One Will Ever Know,176253.0,spotify:track:0iiWaJLX3gUtHszswT7uZF
False,42.0,Bob Seger,Katmandu,367653.0,spotify:track:6KGv5DEe1uzWSGFBhyEZ5u
False,37.0,Duran Duran,Too Much Information,295960.0,spotify:track:3DMO3orHyVwheG0Adbg8Ox
False,16.0,Andrea True Connection,N.Y. You Got Me Dancing,361626.0,spotify:track:3zg3c6ZqxN48124dp39hRt
False,22.0,Johnny Rivers,Muddy Water,187026.0,spotify:track:53JnBuXIHTP0Tyc1H9uayA
False,7.0,Pat Boone,Johnny Will,145946.0,spotify:track:6F7dr44klyiVBzf2SM599j
False,37.0,Lobo,"It Sure Took a Long, Long Time",188866.0,spotify:track:7mLsEIXzn9XJJfFCeMNGiu
False,56.0,Elvis Presley,My Boy,198853.0,spotify:track:4baNC6PNq37xOVRqoZcNY5
False,31.0,The Temptations,Hey Girl (I Like Your Style),280040.0,spotify:track:64uurDjnLdg5Ft2emUX2gG
False,4.0,The Halos,Nag,173160.0,spotify:track:7qV2fe0alB2iSvSS46Cqwn
False,24.0,Mary Travers,Follow Me - Remastered,159360.0,spotify:track:4r45V7ZeTmjpX11lW5i6Xx
False,0.0,The Jimmy James Gang,This Must Be Love,182986.0,spotify:track:34vjB0u2gwj175RGZSt4ui
False,28.0,Ohio Players,Fopp - Single Version,234506.0,spotify:track:1Isj0ik0ssSq8OUJc5AbDT
False,48.0,Bob & Earl,Harlem Shuffle,174077.0,spotify:track:0FRgszvBH1I0f1rYwfrGh4
False,7.0,Murry Kellum,Long Tall Texan,124640.0,spotify:track:4M6QTzDNkmUuz7nOSAehgo
False,15.0,Jigsaw,Love Fire,163266.0,spotify:track:2hjBw1Z3n1xiGJdn59ACpU
False,42.0,Grand Funk Railroad,Footstompin' Music,225493.0,spotify:track:43uYYM4CBP8MuRm9AiJSAM
True,68.0,Niall Horan,Too Much To Ask,223043.0,spotify:track:39jXnbACjiaiTwwhsr5sY5
False,15.0,The Rivieras,Moonlight Serenade,173466.0,spotify:track:1Up1sUeAAL1LzvjpPYFyIP
False,27.0,Millie Jackson,If You're Not Back in Love by Monday,291973.0,spotify:track:1mPwtW7XO6S8FvCj3cPOGE
False,18.0,The Hollies,Long Dark Road,258266.0,spotify:track:6MhMpnxCF1Ga91S5HXtSYy
,,,,,
,,,,,
False,17.0,James Booker,Gonzo (Studio Version) - Live,145626.0,spotify:track:7edwuDSs8CFv50fUIaz49i
False,23.0,Brenda Lee,Johnny One Time - Re-Recorded In Stereo,222946.0,spotify:track:3aAW6olIlXjRphwWhwY3s1
,,,,,
False,15.0,Eddy Arnold,I Want to Go with You - Remix Version,159413.0,spotify:track:3jMfXcpWVX9mJmnzO0hEVh
False,11.0,Deane Hawley,Look for a Star,129186.0,spotify:track:5xM1pnVGbORNxZnjzbXR4w
,,,,,
False,24.0,The Hollies,Jennifer Eccles,175573.0,spotify:track:0dWbZ75ReAZ5LUcuIIoLjv
False,29.0,James Brown & The Famous Flames,Night Train,222026.0,spotify:track:2qMySltCEWiukiYj4nJAsI
False,43.0,Andy Williams,"Speak Softly Love - Love Theme from ""The Godfather""",182840.0,spotify:track:3NNM8rlskOvhul2y9PDl8u
,,,,,
False,6.0,Brian Hyland,Let Me Belong To You,186680.0,spotify:track:1yd9fH4cmpm3to1jDpm6B1
False,34.0,Fats Domino,Let The Four Winds Blow - Remastered 2002,138693.0,spotify:track:3FkzSXO9uZbQ4sgRgR8O0m
False,43.0,The Kingston Trio,Greenback Dollar,172200.0,spotify:track:0iSDA5x3Szznzb7JkM4dZN
False,22.0,Eddie Harris,Exodus,399400.0,spotify:track:58pugbnpJ3esV6uK4Ti7XD
False,50.0,Vic Dana,More,141333.0,spotify:track:1bltfamMcxuxLvw6VzEYDC
False,50.0,Merle Haggard,If We Make It Through December,163733.0,spotify:track:4sTlOOWxFx5dR7SZmi7S79
,,,,,
False,29.0,Styx,Mademoiselle,240600.0,spotify:track:0zxaFukZdJNS413BD6mjG3
False,30.0,Frank Ifield,I Remember You,124400.0,spotify:track:7JO0jDBKdB5c1zgUhPMogF
False,25.0,"Richard ""Groove"" Holmes",Misty,360986.0,spotify:track:7DZsH0df0GuULl0FGwXMfd
False,12.0,LaVern Baker,I Waited Too Long,152653.0,spotify:track:5wCafJ848fEfg1l2iRp0I9
False,24.0,John Denver,Friends with You,204280.0,spotify:track:64QPZMjjgMDHIoM0LCc3mx
,,,,,
False,29.0,ZZ Top,It's Only Love,263626.0,spotify:track:4gY07XF01nlzHuPNlMFnBe
False,21.0,The Soul Children,Hearsay,215480.0,spotify:track:0fvh2glZQgqoECZJQEfE06
False,51.0,Dyke & The Blazers,Let A Woman Be A Woman - Let A Man Be A Man,193680.0,spotify:track:17Y2K7uNxMkaTDBtf1Tcv3
False,43.0,John Denver,My Sweet Lady,263760.0,spotify:track:08ZAVXwts5Ye1PFBNo3NGS
False,23.0,Sue Thompson,Have A Good Time,195680.0,spotify:track:3ZihHp2tqO0D3hmlb2hbVC
False,55.0,Canned Heat,Let's Work Together,193853.0,spotify:track:7vJaNv4ItDyYXXCVRJreh6
False,14.0,Ral Donner,Girl of My Best Friend,137040.0,spotify:track:4P7QJ6qaGD54z86YycLj8a
False,26.0,Lester Flatt,The Ballad of Jed Clampett (with The Foggy Mountain Boys),123000.0,spotify:track:2Du6IbzikdqDOSYLJQwT12
False,41.0,The Supremes,The Happening,170466.0,spotify:track:6IrBgAF2nSiwrdbIcaCKnp
False,13.0,Johnny Tillotson,Jimmy's Girl - 1961 #7 Billboard chart hit,164960.0,spotify:track:3DqzSyHtpCUIRBu7n5koBN
False,33.0,Gregory Abbott,I Got the Feeling' (It's Over),250040.0,spotify:track:1OGlYu1tdtIf0cJaSydRav
,,,,,
,,,,,
False,64.0,Camila Cabello,Liar,207038.0,spotify:track:7LzouaWGFCy4tkXDOOnEyM
False,36.0,Love,My Little Red Book - Stereo Version,150133.0,spotify:track:1pBPVzChJfeySTkqCfozDZ
False,42.0,Cheap Trick,Voices,261066.0,spotify:track:3ao7thlAYIVPJw3e1u51PE
False,1.0,Michele Lee,L. David Sloane,129226.0,spotify:track:0WR2ShQK2lmbjiyXw7nanO
False,72.0,Good Charlotte,The Anthem,175093.0,spotify:track:0BRHnOFm6sjxN1i9LJrUDu
False,54.0,Miranda Lambert,Little Red Wagon,204386.0,spotify:track:4sl4UWqzHSG7riBKdralwy
False,11.0,Charlene,Used To Be,240840.0,spotify:track:5fts7SmUyVpN9ixTkGVNQ5
False,28.0,The Marvelettes,The Hunter Gets Captured By The Game,170946.0,spotify:track:5NqYo7el2XVOHXkMSrS9jH
,,,,,
False,28.0,Brian Hyland,The Joker Went Wild,164400.0,spotify:track:4kV6opXYLOjYswb9G9liIp
False,40.0,Solomon Burke,If You Need Me,154613.0,spotify:track:0GKMdfHONzYlYEEBTKgvqa
False,38.0,Carole King,Hard Rock Café,223733.0,spotify:track:5oLObQcGpeEjrOHpPY80F5
False,31.0,Kenny Loggins,I Believe In Love,209706.0,spotify:track:7B4gn4dPeLtB3x63exF7F4
False,39.0,Al Green,Full of Fire,315000.0,spotify:track:74hrm9x1vxIW7mSZgeyG7J
False,25.0,Lou Gramm,True Blue Love,298546.0,spotify:track:0QUZYtRJ7dGe8fY9iuHd5E
,,,,,
,,,,,
False,1.0,Hank Ballard & The Midnighters,The Hoochie Coochie Coo,154453.0,spotify:track:2UtEqwtGcTzCe9ysQJlUaT
False,37.0,"Earth, Wind & Fire",Evil,300813.0,spotify:track:0IFbyuvJUXroM8UkZ2Pnsk
False,26.0,Edgar Winter's White Trash,Keep Playin' That Rock 'n' Roll,224706.0,spotify:track:0rQf7arPF7Fob1ewkKicL1
False,69.0,Frank Sinatra,That's Life,187040.0,spotify:track:4FmCUATNIarCQh72JYdvnm
False,3.0,Gabriel and The Angels,That's Life (That's Tough),152653.0,spotify:track:5GiTaGLheYvnTl52qFxqm9
False,6.0,The O'Jays,What's Stopping You,256840.0,spotify:track:1gDOy8j5gPr8kpQwtXZGSm
False,8.0,The Innocents,Gee Whiz,149226.0,spotify:track:519hCSC8d6zu3k45ESSVqk
False,10.0,The Everly Brothers,That's Old Fashioned (That's the Way Love Should Be) [Single Version],144920.0,spotify:track:2bjS5uN3J3fqSRuedR1OlA
True,56.0,DMX,What's My Name,232333.0,spotify:track:6OQrmEIK8KOOVcSoSaEo40
True,73.0,Drake,What’s Next,178153.0,spotify:track:3aQem4jVGdhtg116TmJnHz
False,16.0,Blue Swede,Never My Love,149013.0,spotify:track:4uCqFnJCmp3Fq2ub7PJHL7
False,22.0,Jermaine Jackson,That's How Love Goes,205026.0,spotify:track:68iwfalmwG4GoSZi1uz1GH
,,,,,
False,66.0,Lukas Graham,Mama Said,206902.0,spotify:track:5ArQzSBevAdXTxRY6Ulhbq
False,2.0,Harpers Bizarre,Simon Smith and the Amazing Dancing Bear,137360.0,spotify:track:1WHzoJmAwijAFfAY2ykNAv
False,17.0,The Packers,Hole in the Wall,170826.0,spotify:track:5AxThlogq1ddfJdhMetYpq
False,75.0,Justin Bieber,Hold On,170813.0,spotify:track:1nahzW3kfMuwReTka28tH5
False,48.0,Michael McDonald,I Gotta Try,235333.0,spotify:track:0qnfAVtzFPY0pOGYpTkZeY
False,30.0,Linda Ronstadt,Love Has No Pride,252080.0,spotify:track:43xZPZuBDfkj43E6Ll6o52
False,25.0,Jan & Dean,Drag City,142560.0,spotify:track:3yOYPyxa1KAhda8OoygJpT
,,,,,
False,28.0,Percy Sledge,It Tears Me Up - Single Version,170413.0,spotify:track:1SLmCvl415HMHJXqFpUjQa
False,36.0,Jonathan King,Everyone's Gone to the Moon,143093.0,spotify:track:0K54GnUYBFXF6K0GOpvcsV
,,,,,
False,33.0,Spanky & Our Gang,Lazy Day,188040.0,spotify:track:03n6SIUfhgX23DKSB9KKat
False,32.0,Johnny Rivers,Mountain Of Love,165426.0,spotify:track:2KZW32MflXk3curke9TPGo
False,13.0,Johnny Thunder,Loop De Loop,141960.0,spotify:track:12KirOpUDcCAjySIfqxSng
False,63.0,The Beatles,I Feel Fine - Remastered 2015,139346.0,spotify:track:5hhF25sWnZvXhimOHLjTRE
False,35.0,Patty & The Emblems,"Mixed-Up, Shook-Up Girl",126920.0,spotify:track:1pVFchEqnrpIEtuGrB4srT
,,,,,
False,36.0,Roger Miller,England Swings,112466.0,spotify:track:7nzbKYtkpujp2GYuAlTiZe
False,26.0,The Dave Clark Five,I Like it Like That - 2019 - Remaster,97946.0,spotify:track:06C1afLEMNO4hii8mbX6sq
False,33.0,Neil Sedaka,Next Door to an Angel,146293.0,spotify:track:7cceh0YGz9cbRPZ3haIgLZ
False,47.0,Roy Orbison,It's Over,181666.0,spotify:track:3HZMEIZY9Z6GdhPaG5bAK2
False,35.0,Jack Jones,Lady,164466.0,spotify:track:2QufcY4vTnTsXUOmDKbG2P
False,23.0,Martha Reeves & The Vandellas,My Baby Loves Me - Mono Single,186200.0,spotify:track:66X43fkuR66E51rarIeCbT
False,2.0,The Classics IV featuring Dennis Yost,Everyday With You Girl,152008.0,spotify:track:6itaiG5m7iBzAXivLuyXi8
,,,,,
False,22.0,Shorty Long,Here Comes The Judge,158573.0,spotify:track:2FoOmATzzZmtaD6hKrpDRB
False,35.0,Gary Lewis & The Playboys,Everybody Loves A Clown - Remastered,145866.0,spotify:track:7oyWv82I9J915DAspliyq7
False,57.0,"Emerson, Lake & Palmer",From the Beginning - 2015 Remaster,252706.0,spotify:track:0Ll60pqkEBHqzdeclRHdnl
False,24.0,Al Green,Livin' for You,192266.0,spotify:track:0ZPtVZ5asLGjXTxrjTayeZ
False,40.0,Elvis Presley,I Gotta Know,135573.0,spotify:track:3tI7ZEVL6y7n9JW8v2vy0J
False,0.0,Just Us,I Can't Grow Peaches on a Cherry Tree,154760.0,spotify:track:6rd7TlkJkPqbkOq36oKVta
,,,,,
,,,,,
False,12.0,The Supremes,Everybody's Got The Right To Love,156933.0,spotify:track:3fgvWwNUUVhgwOCftLlHAN
False,36.0,Stevie Wonder,Heaven Help Us All,195173.0,spotify:track:06n4xlUyRu88SKeQW1veOa
False,35.0,The McCoys,Fever,170160.0,spotify:track:78eqrJFbfW5WRWVeM3KPPg
False,37.0,Andy Williams,Happy Heart,192466.0,spotify:track:5dcxuUQZI7nPldcNkxAR9v
False,61.0,Simon & Garfunkel,El Condor Pasa (If I Could),187040.0,spotify:track:1eN42Q7IWRzRBq8eW2Y2TE
False,17.0,Ruby And The Romantics,My Summer Love,163093.0,spotify:track:6nPr5EzXH7dBqRmXFRA3CU
,,,,,
,,,,,
,,,,,
False,26.0,Dobie Gray,Loving Arms,177293.0,spotify:track:2bqkBfOfR68TVsjHy31mnz
False,40.0,Jan & Dean,The Little Old Lady (From Pasadena),166040.0,spotify:track:4F2w3xgfaVJdCSAqDtJULv
False,25.0,Gene Pitney,True Love Never Runs Smooth,144493.0,spotify:track:1AolUpmz8ebCvZtRFMAcqL
False,45.0,James Taylor,Up On The Roof,249173.0,spotify:track:2R1M1otgehlvcvPtrgqBuq
,,,,,
False,17.0,The Raindrops,The Kind of Boy You Can't Forget,128960.0,spotify:track:26j1AFFgKumXtOdcmZX3YF
False,43.0,"Earth, Wind & Fire",Keep Your Head to the Sky,311080.0,spotify:track:0iPy1MWCrOT7SjGs14zSSv
False,37.0,The Supremes,Up The Ladder To The Roof,191666.0,spotify:track:2sHahlW8ib7C7GkuV39tKR
,,,,,
False,19.0,Connie Francis,God Bless America,164280.0,spotify:track:3UCHPG6VkGQzVXm69rd6f6
False,49.0,Johnny Cash,I Got Stripes,123573.0,spotify:track:16Ks4wN2wG2wGlDMm5Tphe
False,15.0,Jim Ed Brown,Morning,189488.0,spotify:track:61nWmjs3OztD5nwN0zahzi
False,0.0,Dorsey Burnette,Hey Little One,137603.0,spotify:track:3VoDKZe4cAX2gKD7MJNb7r
False,12.0,Floyd Cramer,Java,121826.0,spotify:track:0WzbqGdkyj7VGfQ8Nwl0ka
False,9.0,Randy Meisner,Never Been In Love,268026.0,spotify:track:49Wwa0weJwnNgzfINnQXgf
False,28.0,Don Gibson,Just One Time,164826.0,spotify:track:5SvpntrCSEeM6rwOwbO7tL
False,29.0,Peter And Gordon,True Love Ways,159106.0,spotify:track:2fGe1krTxovW7xsgiaHkrN
False,1.0,Hayley Mills,Johnny Jingo,101680.0,spotify:track:5TGKESXpi2XExg93Mu7Dbs
,,,,,
False,36.0,The Dream Academy,The Love Parade,227333.0,spotify:track:4H7h0cOFdejWUfVXCQOPtJ
True,54.0,YG,Toot It And Boot It,243746.0,spotify:track:3AqcBOSlJF7xMgvLpQoa3c
False,47.0,Yusuf / Cat Stevens,Sitting,194933.0,spotify:track:1yoXEeNOGWfI4AJoYLEPpb
False,44.0,The Guess Who,Shakin' All Over - Single Version,159866.0,spotify:track:58cDx1uTmaAaF2rqU0UrtF
False,32.0,B. Bumble & The Stingers,Nut Rocker,120000.0,spotify:track:4gLfY32qbSjfP9IfhSnnMM
,,,,,
False,77.0,Eagles,Take It Easy - 2013 Remaster,211577.0,spotify:track:4yugZvBYaoREkJKtbG08Qr
False,60.0,Simon & Garfunkel,Scarborough Fair / Canticle,190346.0,spotify:track:3g2fYZW5v2od8KIF7VktT0
False,31.0,Henry Mancini,Charade (Main Title),129226.0,spotify:track:0G0SPViSDa3ajAkzna1bZD
False,58.0,Sam Cooke,Another Saturday Night,160000.0,spotify:track:5z8DiKSG4EwxmO6gUi12rZ
False,43.0,Johnny Rivers,Secret Agent Man,185493.0,spotify:track:2BlaUfBTbWG50DoZHBD1uV
False,38.0,The Dave Clark Five,Bits and Pieces - 2019 - Remaster,118906.0,spotify:track:3bMt6mpqpDiCRQ3poewMAo
False,46.0,The Association,Along Comes Mary,171000.0,spotify:track:3Zje70mXjYyMuzge8j24L9
False,25.0,Tommy McLain,Sweet Dreams,203600.0,spotify:track:6K0LVSEiy6aEfnefHWVmnk
,,,,,
,,,,,
False,10.0,Nat King Cole,Dear Lonely Hearts,190066.0,spotify:track:1xLzzA9PPPaJhsNiM00olS
False,2.0,Five Flights Up,Do What You Wanna Do,153160.0,spotify:track:23jlbDsVtErIax2XSaZDHW
False,81.0,The Rolling Stones,"Paint It, Black",202266.0,spotify:track:63T7DJ1AFDD6Bn8VzG6JE8
False,33.0,Gary Lewis & The Playboys,Count Me In,142066.0,spotify:track:6AxrqcdIE5lSjXxKUyBAU0
False,50.0,Diana Ross & The Supremes,Reflections,169893.0,spotify:track:4yChgYDVcQrAgIEIErW27b
False,18.0,Ricky Nelson,A Wonder Like You,156706.0,spotify:track:4ZH8My0pDb0zhSyAhqSQo9
False,0.0,The Drifters,Sweets for My Sweet,147146.0,spotify:track:1WSP12noc8rpzaEo6PPUEB
False,58.0,The Beatles,Do You Want To Know A Secret - Remastered 2009,117013.0,spotify:track:7Aobt67JnaF7qN8jCCKvHq
False,50.0,Three Dog Night,An Old Fashioned Love Song,206360.0,spotify:track:0mkRIQZWFIdNPoIlr0owYd
False,44.0,The Yardbirds,Shapes of Things - 2015 Remaster,145960.0,spotify:track:4OjqrdD3QILzxkGwNoMk0c
False,50.0,Bobby Rydell,Sway,140333.0,spotify:track:7uXktLVq43HeS4fPU4nQna
False,41.0,Frankie Valli & The Four Seasons,Stay,117333.0,spotify:track:72rQqO217uRMY46c7K8Ws6
False,10.0,Betty Harris,Cry to Me,196586.0,spotify:track:3EppYZZJ7yuyRZibNAYBed
False,51.0,Glen Campbell,By The Time I Get To Phoenix - Remastered 2001,164200.0,spotify:track:1tZKsxgKebVQX9s6oiojG9
False,28.0,Rare Earth,Born To Wander,190440.0,spotify:track:42C6QluWaSi7Ws2iE6OwIc
False,26.0,Frank Sinatra,"Softly, As I Leave You",171706.0,spotify:track:5L1DIODUFYbObdwx7AJnZM
False,26.0,Jimmy Dean,P.T. 109,192426.0,spotify:track:3vfNUZeVUiwWXwsEXjagqL
False,25.0,James Brown & The Famous Flames,Prisoner Of Love,141893.0,spotify:track:3bRY8rf0zDJdfc5krsSp4C
False,43.0,The Supremes,Back In My Arms Again,174306.0,spotify:track:2WjW8DjQru6Ic4KvYDqLys
False,65.0,The Lovin' Spoonful,Summer in the City - Remastered,160306.0,spotify:track:7AzFID6u1b3zIWbd9pb8Dk
False,12.0,Johnny Bristol,Do It to My Mind,291973.0,spotify:track:78VgIj2FYSaU1uygkmJ7l7
False,21.0,The Impressions,Amen,211733.0,spotify:track:3hDpZwNGmrnREv7mp5BPAn
False,23.0,Johnny Rivers,Seventh Son,136613.0,spotify:track:59RkCJ1LeyY83HvlAcVuYa
False,25.0,Dion,Sandy,139346.0,spotify:track:4f9RM646LGTxwyNAgf7Fc0
False,28.0,The Chi-Lites,(For God's Sake) Give More Power To The People,180133.0,spotify:track:0dVabf3Sm1uHODq1vz2Lts
False,41.0,Stevie Wonder,Superwoman (Where Were You When I Needed You),487666.0,spotify:track:4QG8qIv7hZ1jjcm6cQFoyI
False,21.0,Ronny & The Daytonas,Sandy,165760.0,spotify:track:4yrTrpb8liAIFuA6Qlvqum
,,,,,
False,43.0,John Denver,Sweet Surrender,329360.0,spotify:track:7be37I5s79jQKQCWovxUpL
,,,,,
False,54.0,Nancy Wilson,(You Don't Know) How Glad I Am,157386.0,spotify:track:4YkN3JlceD5n2aMqL1kFnH
False,30.0,Jack Jones,Dear Heart,156480.0,spotify:track:39QRqWAAcHZd12o3PBx8mY
False,25.0,Little Anthony & The Imperials,Take Me Back,156693.0,spotify:track:0KSlmvXWtOp8ezTfHMndJr
False,20.0,Ronnie Dove,Say You,144626.0,spotify:track:27UeXVl5WQi3r23TzId3NB
False,46.0,The Lovin' Spoonful,Did You Ever Have to Make up Your Mind?,119373.0,spotify:track:06YcuDoEZvMcxgzvtzJTz4
False,41.0,The Beach Boys,Do You Wanna Dance?,142533.0,spotify:track:4MFU8kCLOQD9nV03Gfvrkn
False,47.0,Bobby Bare,500 Miles Away from Home,162560.0,spotify:track:44AauRai27QWKEx4dKn0oU
False,51.0,Neil Diamond,Play Me,232066.0,spotify:track:2DjLbdQ9q2QBd4JJxM40Uf
False,57.0,Bread,Diary,189426.0,spotify:track:0VdcSHXCPRfQQZYQPXSlZ9
False,47.0,Three Dog Night,Out In The Country,189400.0,spotify:track:5TdGMnyETHJU5RdjFFbVRR
False,62.0,The Beach Boys,Barbara Ann,133893.0,spotify:track:2KOt2JrCB720UxIbyzweQo
False,37.0,The Dave Clark Five,Catch Us If You Can - 2019 - Remaster,114733.0,spotify:track:7d91GO9HafgZuRUA2NjLTj
False,5.0,Barry Young,One Has My Name - The Other Has My Heart,155626.0,spotify:track:3Vd7lnnD4xihfGIgqNDo9B
False,14.0,Kenny Rogers & The First Edition,But You Know I Love You,187506.0,spotify:track:3QL1WUVydAYUl5kM2d1K8X
False,7.0,Cashman & West,American City Suite (Single Version),464306.0,spotify:track:1qwp82oO6rKqzMYfbWeuXD
False,27.0,The Chi-Lites,A Letter To Myself,338373.0,spotify:track:3URnRabOOq4nEVUrlmdzJ9
False,45.0,Marty Robbins,Devil Woman,170560.0,spotify:track:3reI5RM6iajerVXe7kqXBo
,,,,,
False,61.0,Martha Reeves & The Vandellas,Nowhere To Run,181640.0,spotify:track:1WPqawIF9HCKfSOt7mN6X0
False,61.0,Smokey Robinson & The Miracles,Ooo Baby Baby,164160.0,spotify:track:3nsJGZ5RV2ZHkbKvD771gU
False,23.0,The Tymes,Somewhere,132133.0,spotify:track:6K8EH4jCNjadapChPeiGAW
False,12.0,The Clique,Sugar On Sunday,190200.0,spotify:track:2mB7RE3hJubHlEJag8K9pj
False,27.0,Andy Williams,Dear Heart,173080.0,spotify:track:7yKPNWs7kK3GIaNceL1a7t
False,54.0,Dave Dudley,Six Days on the Road,131533.0,spotify:track:1tswBQlL2Bklbb82GHxKoW
False,36.0,Otis Redding,Respect - Mono; 2008 Remaster,130986.0,spotify:track:5CYwaNS12milkMMyNgEOLY
False,19.0,Gary U.S. Bonds,School Is Out,149560.0,spotify:track:01GarP7Iim3fsxASclkEFW
False,30.0,Walter Brennan,Old Rivers,166120.0,spotify:track:7xlYVBERqQ6r76euVrL9JS
False,59.0,The Beatles,Revolution - Remastered 2009,205293.0,spotify:track:3UDmHZcBTQp8Iu8droNtUl
False,37.0,Cher,Bang Bang (My Baby Shot Me Down),165293.0,spotify:track:75miYzXfHBB7Bb8zbLMzFZ
False,30.0,Ray Stevens,Ahab The Arab,262333.0,spotify:track:2KLgLcpDBfZmGgGWvDIWOb
False,43.0,Gary Glitter,Rock & Roll Part 2,193253.0,spotify:track:17ebcNznhPl7yf8zCfsNV8
,,,,,
False,27.0,Three Dog Night,One Man Band,172333.0,spotify:track:4zc1zQ9YQAlkxsJQsBFI3L
False,48.0,Gary Puckett & The Union Gap,Over You,141706.0,spotify:track:5os6Tl9oaIR65Ae93UY9aa
False,37.0,Henry Mancini,"Theme from ""Love Story""",171733.0,spotify:track:0zH63dNKyJBCxWROIVODnU
False,19.0,Ronnie Dove,One Kiss for Old Times' Sake,181680.0,spotify:track:70EUOJoFKWuzPCyHl6l6nL
False,2.0,James Brown,Say It Loud - I'm Black And I'm Proud - Pt. 2,155600.0,spotify:track:1j60XO9cZ0MQSZ3qo6Ts9S
False,43.0,The Dells,"Oh, What A Night",247266.0,spotify:track:2ht21Rlf8L6cPLBkYmhpcs
False,49.0,Roger Miller,Dang Me,102400.0,spotify:track:20iH1uibQIUqNFk3wzG7AG
False,10.0,Wilson Pickett,"634-5789 (Soulsville, U.S.A.) - 2007 Remaster [2007 Remastered Version]",177520.0,spotify:track:2gGPw8qbUilOhiSQRSvZG9
False,56.0,Lesley Gore,"Sunshine, Lollipops And Rainbows",96000.0,spotify:track:0AZb6ryK8LsFcvY1jWHO61
False,40.0,Al Green,Call Me (Come Back Home),184906.0,spotify:track:2THyR0on3DrsfXBtRrLZgK
False,63.0,Sam Cooke,Nothing Can Change This Love,158680.0,spotify:track:6e6Kxot9nHyZ4I8GgmGKII
False,15.0,Kasenetz-Katz Singing Orchestral Circus,Quick Joey Small (Run Joey Run),143813.0,spotify:track:1AboGOId6vPiP74HGTQhhC
False,33.0,Mickey Newbury,An American Trilogy,294493.0,spotify:track:4qQ6FxhT9gEmxpTpchP0Fw
False,51.0,Judy Collins,Both Sides Now,195840.0,spotify:track:2xSfwtV4mUr2h63Q1zJH58
False,30.0,The Impressions,Choice of Colors - Single Version,200400.0,spotify:track:28tgHkgZoBWHsmbzmI41Yt
False,57.0,Canned Heat,On the Road Again,199640.0,spotify:track:1GwdWdvSumgsgKorY9qA2g
False,29.0,Smokey Robinson,Baby That's Backatcha,228546.0,spotify:track:6Og4RxasYLlzXUlhbvoGzh
False,56.0,The Beach Boys,California Girls - Remix/Remastered 2001,160360.0,spotify:track:6bJuuCtXYiwOcKT9s8uRh8
False,42.0,Three Dog Night,Black And White,206080.0,spotify:track:4XcUADpOth9Wroq5EVMFJq
False,37.0,Gary Lewis & The Playboys,Save Your Heart For Me,119186.0,spotify:track:06oBmaDk2mQDe6kIE4aXYX
False,59.0,The Beach Boys,Sloop John B - Remastered,180133.0,spotify:track:2ULL3VZf4WwBKO4vjwT7Bg
False,56.0,Miriam Makeba,Pata Pata - Stereo Version,180174.0,spotify:track:1BLXxFPDL2BT37nHKD7KrA
False,46.0,B.J. Thomas,Rock and Roll Lullaby - Rerecorded,240880.0,spotify:track:3aVNV6pawEERvfdurW66ZT
False,39.0,Chicago,Old Days,204066.0,spotify:track:566JK3Jw6Elm5oydYhUXAu
False,54.0,Elvis Presley,(Marie's The Name) His Latest Flame,127093.0,spotify:track:4qbLOU1T7xgTH87eUSkvJ1
False,21.0,"Hamilton, Joe Frank & Reynolds",Daisy Mae,181933.0,spotify:track:3EDKjNcmQTmNhc1QRLCqYy
False,61.0,Dinah Washington,September In The Rain,129333.0,spotify:track:2csA2nDUNR5TfQEn1I7nt4
False,17.0,Jake Holmes,Her Song,225826.0,spotify:track:03uyvoWLnOqkDANLP795Fi
False,20.0,The Mojo Men,Sit Down I Think I Love You - Single Version,142333.0,spotify:track:300qXG6Be7OeOIVCFuk2rR
False,24.0,Linda Ronstadt,Someone to Lay Down Beside Me,268466.0,spotify:track:7AytIlBjToyyDDcVM2r79I
False,3.0,"Faith, Hope & Charity",So Much Love,191626.0,spotify:track:1tEtX4jn9JPQwwGsW6oVwj
False,72.0,Bruce Springsteen,Born to Run,269920.0,spotify:track:6hTcuIQa0sxrrByu9wTD7s
False,40.0,Paul Anka,"Do I Love You (Yes, In Every Way) (with Dolly Parton)",291213.0,spotify:track:43Mt4nQ5UhdO5W3kStFaDC
False,11.0,Bobby Rydell,Ding-a-Ling,148600.0,spotify:track:5ekabwI9PFHbfc0hz6n1xi
,,,,,
False,19.0,Aretha Franklin,Through the Storm (with Elton John),261254.0,spotify:track:2xTzFWaVvNzmz1JXbhOt64
False,27.0,Fats Domino,Three Nights A Week,105200.0,spotify:track:5l8AvWEzLSiHajzkdQ6WYZ
False,64.0,Lil Mama,Lip Gloss,219773.0,spotify:track:1Y4ZdPOOgCUhBcKZOrUFiS
,,,,,
True,71.0,Kendrick Lamar,ELEMENT.,208733.0,spotify:track:1EaKU4dMbesXXd3BrLCtYG
False,20.0,Al Martino,I Can't Get You Out of My Heart,149675.0,spotify:track:5m6N98LZkgqYuuy8RMILdm
,,,,,
False,50.0,Will Smith,Just The Two Of Us,315506.0,spotify:track:01F8B0dhzGdWvmcSO6vUdi
False,29.0,The Association,Goodbye Columbus - Remastered Version,142066.0,spotify:track:3ZataHBrE33PYEeReqFtKK
True,67.0,Drake,Gyalchester,189229.0,spotify:track:6UjfByV1lDLW0SOVQA4NAi
False,59.0,Fifth Harmony,Miss Movin' On,193733.0,spotify:track:0gL0Xf8CN95HmgfEYYLRZV
True,77.0,Post Malone,Go Flex,179613.0,spotify:track:5yuShbu70mtHXY0yLzCQLQ
False,29.0,Leon Haywood,It's Got To Be Mellow,143640.0,spotify:track:1XTzERcWA8JFv7q1jHdFI8
False,58.0,Darius Rucker,If I Told You,212320.0,spotify:track:4Az17HfqonKSWNsaLgTBeK
False,27.0,Lonestar,Mountains,234400.0,spotify:track:0iTR57bhc1jm1tf9j5XDhh
False,49.0,Kelsea Ballerini,Legends,244466.0,spotify:track:6vlxmQGwmlyp07YjkugV6K
False,58.0,Jack Johnson,If I Had Eyes,238813.0,spotify:track:3FnkZFv7kbxwlgaLgbqeDc
True,71.0,DDG,Moonwalking in Calabasas (feat. Blueface) - Remix,170232.0,spotify:track:73xjJ1TIE6WP3HNKczQE4F
True,64.0,Lil Uzi Vert,Futsal Shuffle 2020,198912.0,spotify:track:2Ec33AVlkTTq8BHFgBTdQs
,,,,,
False,20.0,The Kingston Trio,Reverend Mr. Black - Remastered,196040.0,spotify:track:5fQEqSNzAkdUhRrgxMd7iH
False,6.0,The Band,Don’t Do it - Live At The Academy Of Music / 1971 / Soundboard Mix,284546.0,spotify:track:2DGOd28tTLRJjqHhMfsOym
,,,,,
False,49.0,The Drifters,Some Kind of Wonderful,140533.0,spotify:track:7nn0V1maFiJDBDg2umSGMb
False,64.0,The Beatles,All You Need Is Love - Remastered 2009,230386.0,spotify:track:68BTFws92cRztMS1oQ7Ewj
False,39.0,Jim Reeves,Am I Losing You,139733.0,spotify:track:3CRQJXjhNZiyvoNc3RIcwr
False,37.0,Johnny Rivers,"Baby, I Need Your Lovin'",190200.0,spotify:track:6Sfz7OhN8Hh9plicJoIvDw
False,25.0,Brenda Lee,As Usual,156360.0,spotify:track:3XqTmJFE8Tnm0hn5dNeUEG
False,64.0,The Kinks,Sunny Afternoon,210525.0,spotify:track:0DQqzCHlPyKQXfF8uL01SI
,,,,,
False,15.0,Gladys Knight & The Pips,Part Time Love,151706.0,spotify:track:7mLycCjH8XrLU6KxhsyGnH
,,,,,
,,,,,
False,38.0,Ray Charles,Take These Chains From My Heart,176586.0,spotify:track:3FQWctzZxGRaIbzX6YDNPB
False,50.0,Bread,Sweet Surrender,156973.0,spotify:track:4pxstwcAaMdSXpb5wx48VR
False,35.0,The Marvelettes,Beechwood 4-5789,133613.0,spotify:track:1vFNrZld2sLrmxwLIO1r1L
,,,,,
False,18.0,Herman's Hermits,Dandy,122226.0,spotify:track:6PaoF0aLOd9XVaD4NUS1Ta
False,27.0,Grand Funk Railroad,Shinin' On,356173.0,spotify:track:2ROp8q9d5biA6CycStYfKH
,,,,,
False,23.0,Jay & The Americans,Only In America,124346.0,spotify:track:5UPHkS5lG9J5dN2ymOsXTQ
False,39.0,Isaac Hayes,Do Your Thing,200933.0,spotify:track:4CkLWXUasaJRV8k25nFDcw
False,15.0,"Blood, Sweat & Tears",So Long Dixie,265773.0,spotify:track:3kn0mHmR0PmjnT1NLPDyi7
False,3.0,Johnny Tillotson,She Understands Me,113270.0,spotify:track:0KF0vGxM2aUvJB7N2I5who
False,17.0,Dee Dee Sharp,Do The Bird,132880.0,spotify:track:1BSiYIjfWrSKiCnxJu2RwG
False,49.0,The Yardbirds,Over Under Sideways Down - The Mono Album,142506.0,spotify:track:07KYQySlrmE94gaLbhvp4X
False,27.0,Mac Davis,Rock 'N Roll (I Gave You The Best Years Of My Life) (Bonus Track),207400.0,spotify:track:3ROynoOj2SBe2q8et6z51g
False,6.0,Brook Benton,Revenge,135466.0,spotify:track:4XfQbwy3fQkDTpNhoOE3Wl
,,,,,
,,,,,
False,61.0,The Meters,Cissy Strut,186853.0,spotify:track:0WSlOSMLJWoWUpWci9nnRb
False,52.0,Stevie Wonder,A Place In The Sun,172960.0,spotify:track:0tURbnatc9qCxlYpXuPK8I
False,69.0,The Who,Behind Blue Eyes,221426.0,spotify:track:0cKk8BKEi7zXbdrYdyqBP5
False,16.0,Fanny,Butter Boy,206253.0,spotify:track:40IuvnynqaBdmmR0o0JOqm
False,0.0,Aretha Franklin,Baby I Love You,160213.0,spotify:track:5jD3wHEQZZ2GcdFMhhfrfH
False,32.0,Sam Cooke,Shake,173613.0,spotify:track:5naGmbqRY9AlitnRgbw0uX
False,16.0,Olivia Newton-John,Something Better To Do,195066.0,spotify:track:7x7eiPhnwODlzKrm4fupzW
,,,,,
False,30.0,King Floyd,Baby Let Me Kiss You,173573.0,spotify:track:18KeaxJwH6XK6qa7bXJLMf
False,43.0,War,All Day Music,248200.0,spotify:track:1HdQSzMMb1AGOrYCOuvIEF
False,49.0,Graham Nash,Chicago,171440.0,spotify:track:4wBi9ogKThsbFUvVJxjhK2
False,40.0,The Seeds,Pushin' Too Hard,158778.0,spotify:track:4yQRczx7diWEf7Yvps3kmC
False,46.0,The Stylistics,People Make The World Go Round,211560.0,spotify:track:0JB6XDnV6U6M9U6j4VotoH
False,12.0,Eddie Hodges,(Girls Girls Girls) Made to Love,150666.0,spotify:track:4PeZdZt3Mf46SfsL6Gj1EY
False,16.0,The Dovells,Bristol Twistin' Annie,134533.0,spotify:track:02Cr2z2dPQ0RKCmgZTQgRq
False,60.0,Joan Baez,Diamonds And Rust,286106.0,spotify:track:4O0sGJdqpHMaWz7KoVd7tb
False,28.0,The Motels,Remember The Nights,184906.0,spotify:track:5W1PZDN6zxmFYD638GN0HS
False,41.0,Engelbert Humperdinck,Sweetheart,183613.0,spotify:track:6zm0XoxnzzdFeXeYGE8gFh
,,,,,
False,37.0,Fred Wesley & The J.B.'s,Doing It To Death,315333.0,spotify:track:0yoVH9OjDYc4BDWWCWblU2
False,20.0,The Lettermen,Come Back Silly Girl - Remastered,147493.0,spotify:track:4QkvXIZGRmR2k7yduFFj9L
,,,,,
False,40.0,Jo Jo Gunne,Run Run Run,155266.0,spotify:track:3pHx8jI1ZBVYcMG2QCZaKG
False,33.0,Art Garfunkel,Break Away,215573.0,spotify:track:2i4nfMalkKDkp7wIwUImqT
False,32.0,Freddy Fender,Secret Love,225733.0,spotify:track:5NZMnccEtbVTY3i8ozfVPS
False,67.0,The Who,Pinball Wizard,180943.0,spotify:track:6LbbHFEajG9e4m0G3L47c4
,,,,,
,,,,,
False,34.0,Johnnie Taylor,Cheaper To Keep Her,208226.0,spotify:track:0Akg4heLnMXjtM6q8g0YbW
False,39.0,Curtis Lee,Pretty Little Angel Eyes,153666.0,spotify:track:6V78SGCT1pus499ShyOT6K
False,32.0,LaVern Baker,Bumble Bee,147373.0,spotify:track:5LjT116RLtjeZWoBfETKnC
,,,,,
False,20.0,Bobby Vinton,"Rain, Rain Go Away - Single Version",176693.0,spotify:track:14Z9qaMDQqlwWyhEzKwhDZ
,,,,,
False,62.0,Mott The Hoople,All the Young Dudes,211066.0,spotify:track:0WNGPpmWqzPnk0psUhJ3SX
,,,,,
False,46.0,The Shangri-Las,Remember (Walkin' In The Sand) - The Oh No Song,138133.0,spotify:track:4DR1rowKc2WeuCQS7wyQBI
False,20.0,Mitch Ryder and The Detroit Wheels,"Sock It to Me, Baby!",186000.0,spotify:track:4xbEZAkHlMF66O11IRHTzB
,,,,,
False,34.0,The Temptations,Psychedelic Shack,230293.0,spotify:track:5kx4xMErn45NZvEChKiqdo
False,51.0,The Grass Roots,Sooner Or Later,160480.0,spotify:track:3LTinH60rltyAZiMmHF7JH
False,40.0,The Cleftones,Heart and Soul,113640.0,spotify:track:5XoYj1BbiLSzBjhPoMv09C
False,24.0,Jay & The Americans,Let's Lock The Door (And Throw Away The Key),150120.0,spotify:track:1LuCusyHRvBoatTqAn1PwJ
False,53.0,Elton John,Levon,322133.0,spotify:track:0aJfFLl0grcQS7euiIp0ni
False,22.0,Jerry Vale,Have You Looked into Your Heart,141320.0,spotify:track:0XciURyiZCzHBHJGUxvMbX
False,18.0,Jan & Dean,Honolulu Lulu,140066.0,spotify:track:5wcf2upIgIe7I9zkGYC7VF
False,32.0,The Bachelors,No Arms Can Ever Hold You,185666.0,spotify:track:6P6adjzPbo1Ukb54i9D4rt
False,42.0,Carpenters,It's Going To Take Some Time,176053.0,spotify:track:17MRUI1nql2E1GJEltjoyx
False,39.0,The Bob Crewe Generation,Music To Watch Girls By,173999.0,spotify:track:2QZ3TaDZsHEFPYBxBWel9X
False,1.0,The Yardbirds,I’m a Man,268253.0,spotify:track:57CllisdajOsNB1tk5xB5k
False,48.0,The Who,Join Together,264440.0,spotify:track:6JNVCUi0TUeNFVLvyXFJfN
False,45.0,Yvonne Elliman,"I Don't Know How To Love Him - From ""Jesus Christ Superstar"" Soundtrack",237893.0,spotify:track:2Ugconvpew97ofQ71dfi8K
False,34.0,Major Lance,Hey Little Girl,148693.0,spotify:track:0Fo4AegNJBom5NMfhv37Uj
False,31.0,The Temptations,I Could Never Love Another (After Loving You),214066.0,spotify:track:3IVgZoEiWpv2FKgWpmdPeL
False,25.0,Ray Charles,Eleanor Rigby,180373.0,spotify:track:0fYDhNcAMMrZbh3i5XdVTy
False,17.0,Smokey Robinson & The Miracles,I Gotta Dance To Keep From Crying - Alternate Stereo Mix,161066.0,spotify:track:1VjxCSzzRYTpzKkutZWnhv
,,,,,
False,27.0,The 5th Dimension,Go Where You Wanna Go,142653.0,spotify:track:22ajmorGB394NsdoMXYhaD
False,40.0,David Ruffin,My Whole World Ended (The Moment You Left Me),212773.0,spotify:track:09VbZ87CD4kGyQ9QBrnziC
False,47.0,Don Covay & The Goodtimers,"Mercy, Mercy",146706.0,spotify:track:1LrLR6D1dfnwIETjb8dsKg
,,,,,
False,25.0,Don Covay,I Was Checkin' Out She Was Checkin' In,262733.0,spotify:track:36niT2HXP2YHegRFJefwzR
False,37.0,Dee Dee Sharp,Gravy (For My Mashed Potatoes),128093.0,spotify:track:2ZxzsmJ093WPTBbsoCf6CN
False,17.0,The Bachelors,Marie,139840.0,spotify:track:6MGqxb12oR5TC6lIwQsANT
,,,,,
False,20.0,Del Shannon,Handy Man,134560.0,spotify:track:5NkT19r4Y4MjxnTrcKudB8
False,22.0,The 5th Dimension,"Love's Lines, Angles And Rhymes",251746.0,spotify:track:2ZyVwblnzUkUkPBGE1YD2A
False,55.0,Sam Cooke,Good Times,146493.0,spotify:track:4UcxTnA6C5vCW79PIZ38Vx
False,24.0,Smokey Robinson & The Miracles,My Girl Has Gone,170026.0,spotify:track:4oHcMcbUjbPK7zKyx4dQln
False,39.0,Jr. Walker & The All Stars,Gotta Hold On To This Feeling,217040.0,spotify:track:1rpSV3oxcWfykhF4JyewA7
False,29.0,The Dells,I Can Sing A Rainbow / Love Is Blue - Single Version,206533.0,spotify:track:3ZIzonNJdYQDGXqVFYn3pg
False,32.0,The Jackson 5,Lookin' Through The Windows,223853.0,spotify:track:6xgj1R3NoymZzjnjgxywLd
,,,,,
,,,,,
False,40.0,The Strangeloves,I Want Candy,177506.0,spotify:track:7JoPxqrnT3eq02AnflBSiN
False,30.0,The Buckinghams,Hey Baby (They're Playing Our Song),165733.0,spotify:track:2k9XwzyCNfjkLvAu7FXPkA
False,55.0,The Searchers,Needles and Pins - Mono,131360.0,spotify:track:0zABw1PtGYHsU4VDpDZsra
False,53.0,The Beach Boys,I Can Hear Music,157293.0,spotify:track:1hcMfYTsRTC4hIKbfosxjz
False,45.0,The Rolling Stones,It's All Over Now - Mono Version,206440.0,spotify:track:6fLTxkL2wgC40fBM6IIe7r
False,31.0,Santana,Everybody's Everything,210533.0,spotify:track:7F1UzwiFZafhFXgf83wHLu
False,38.0,Archie Bell & The Drells,I Can't Stop Dancing,141373.0,spotify:track:3evKZi4dI9Nw7Hit26XFN9
,,,,,
False,19.0,Sonny Bono,Laugh at Me - Single Version,179800.0,spotify:track:1TdmzgmdjrKQjJWk4jTGlO
False,55.0,Sam Cooke,Good Times,146493.0,spotify:track:4UcxTnA6C5vCW79PIZ38Vx
False,63.0,The Beatles,Eight Days A Week - Remastered 2009,163600.0,spotify:track:1Dg4dFJr3HW7sbA7vPejre
False,37.0,The Vogues,My Special Angel,180613.0,spotify:track:2mIa7yUMZyREQXxrRpkefS
False,48.0,The Supremes,I Hear A Symphony,162533.0,spotify:track:5SCB7L1alKg7ZEeSw7Sq9f
False,34.0,The Jackson 5,Mama's Pearl,187133.0,spotify:track:20a2Sdul23BOafd2X37Dlv
False,53.0,Carpenters,Goodbye To Love,238266.0,spotify:track:1PLgQkmhgh6GHQnomQ50Rv
False,44.0,The Lovin' Spoonful,Nashville Cats - 2003 Remaster,154000.0,spotify:track:4WVDaesMXyHKO8jyr9w6tE
False,59.0,Dusty Springfield,I Only Want To Be With You,158200.0,spotify:track:31A3oqQxDLdG9HRx45z62d
,,,,,
False,17.0,The Isley Brothers,I Turned You On,157373.0,spotify:track:0QBZTXAeOK6YEWJt8AgheA
False,30.0,The Beach Boys,Don’t Worry Baby,170372.0,spotify:track:6nWneWHV6S5FhXkVBeMoLE
False,29.0,Paul Anka,Goodnight My Love (Pleasant Dreams),198653.0,spotify:track:60POG8q3enwJXhMROCrrxm
False,35.0,Sam Cooke,Little Red Rooster,171826.0,spotify:track:1msykqPE0qoZig4nb9khI0
,,,,,
False,22.0,Rare Earth,Hey Big Brother,284813.0,spotify:track:51kaA3PaKrFnrr57DqltfW
False,29.0,Gene Chandler,Just Be True,154933.0,spotify:track:6tsjCzciIajxisQtbUkOUa
False,39.0,Dean Martin,I Will,141906.0,spotify:track:0wX6mflFA4a72SOcAkDYsY
False,59.0,The First Edition,Just Dropped In (To See What Condition My Condition Was In),201213.0,spotify:track:4Wrc3Jz4POj0ibPj5iuq0r
False,13.0,Trini Lopez,Kansas City,200133.0,spotify:track:20Mcp76I2i6BNU9dQkyc7m
False,47.0,Them,Here Comes the Night (feat. Van Morrison),167346.0,spotify:track:3OfttbJAJNvkI4VwtZD2E7
False,27.0,Jerry Butler,Moody Woman,143960.0,spotify:track:2ZMscHE7KFdza1puWrY9c9
False,33.0,? & The Mysterians,I Need Somebody,133413.0,spotify:track:63Vw8PU3ps8TAxDdHAUTMX
False,22.0,Barry & The Tamerlanes,I Wonder What She's Doing Tonight,111720.0,spotify:track:1URixdT65DuE1s7nezaTom
False,37.0,Lesley Gore,Maybe I Know,154000.0,spotify:track:4GTSIdVIP1zCCqXnHPewrZ
False,19.0,B.J. Thomas,Mighty Clouds Of Joy,216453.0,spotify:track:0p5fkbgiANhMX5wrPhtNRk
False,42.0,Peggy Lee,Is That All There Is?,262000.0,spotify:track:0TLD1RLFqPmpVR5ATWdMz6
,,,,,
False,34.0,Desmond Dekker & The Aces,Israelites,157693.0,spotify:track:5U1GMgbXXM5eLvKUDnvqNS
False,30.0,Bill Deal & The Rhondels,May I,152426.0,spotify:track:6dKadknfQZ4iM26eI15oWS
False,34.0,The Supremes,Nathan Jones,181360.0,spotify:track:2djxoTjKyb4JVGv19s9ZxW
False,62.0,America,I Need You,183186.0,spotify:track:4Anh5Ti55P6SXG3H94QLqV
False,50.0,Deep Purple,Hush,264973.0,spotify:track:4aU82r5G2KTUh3HmPHCbM1
False,54.0,The Rolling Stones,It's Only Rock'n'Roll (But I Like It) - Remastered 2009,307440.0,spotify:track:668YgsnvdNBHfRscNIBS31
,,,,,
False,17.0,Herman's Hermits,Just A Little Bit Better,173653.0,spotify:track:3mHv5hJCuFTvz3nomrFRJz
False,56.0,Elton John,Honky Cat,313026.0,spotify:track:1plcM0XlbKdjND7Ufokuzb
False,26.0,Gladys Knight & The Pips,I Wish It Would Rain,170320.0,spotify:track:6saTHS2XY1hdNiHRLtB32j
False,49.0,The Rolling Stones,The Last Time - Mono Version,221493.0,spotify:track:7foiOmd1Je7Z0D3TaZCDro
False,50.0,Cinderella,The Last Mile,230066.0,spotify:track:4wKTPZe1AgKNPObJ357dZK
,,,,,
False,74.0,Shania Twain,Giddy Up!,162665.0,spotify:track:4NdJlsPyvXz15LySCNoL2W
False,27.0,Si Zentner,Up A Lazy River,124866.0,spotify:track:1qysQ9JXd8gUbs4oLO5oSd
False,9.0,The Arbors,The Letter,211480.0,spotify:track:6qXUtnNvcnAyukfo1Zs0pd
False,35.0,The Monkees,Valleri - First Recorded Version; 2006 Remaster,134213.0,spotify:track:2U1nVCTFKFdieTPTg3VrvY
False,18.0,Billy Strange,The Girl From Ipanema,159226.0,spotify:track:2hLB8P5TOz1lr7IzRCkXyi
,,,,,
,,,,,
False,33.0,Neil Sedaka,The Immigrant,226640.0,spotify:track:06W15T3K83Be35xUKoCVzo
False,25.0,Yusuf / Cat Stevens,The Hurt,259826.0,spotify:track:0ssyUYzev6ulxNWQcAPk6m
False,24.0,Lynn Anderson,Top Of The World,166552.0,spotify:track:3HFidWPDlaHjKbmDBX4ncu
False,65.0,DNCE,Toothbrush,231813.0,spotify:track:7ciLq0Cip0yxiz6KANrOUq
,,,,,
,,,,,
False,36.0,Smokey Robinson & The Miracles,The Love I Saw In You Was Just A Mirage,178466.0,spotify:track:0udI4HbJX4siq9P9yUp6MV
False,7.0,The Miracles,What's So Good About Good Bye - Single Version / Mono,144426.0,spotify:track:3iOyyRe9UMmjjMh6lHquRt
,,,,,
False,13.0,Jerry Butler,What's The Use Of Breaking Up,158533.0,spotify:track:16dpDyEZIlDOKVsCXlfC1S
False,9.0,Smokey Robinson,What's Too Much,263200.0,spotify:track:6LH38mCJXPW2AFkLqAA1i0
False,22.0,"Bobby ""Blue"" Bland",That's The Way Love Is,156506.0,spotify:track:3C2eATLvdCGkOtayBKO2G4
False,62.0,Foo Fighters,Wheels,278213.0,spotify:track:3KsatAMRt1a7iryhWt5I8U
False,18.0,Al Martino,Volare (Nel blu di pinto di blu),173000.0,spotify:track:75n8sNOULVhrShcpEeEWn1
False,54.0,Savage Garden,The Animal Song,278000.0,spotify:track:5TuzQ44lPWTCKbfXbNIEXg
False,31.0,Elton John,Victim Of Love,295026.0,spotify:track:1zxyBNzJSzhdWXrws0p3xV
,,,,,
False,63.0,The Buggles,Video Killed The Radio Star,253800.0,spotify:track:6t1FIJlZWTQfIZhsGjaulM
False,64.0,Coldplay,Violet Hill,222653.0,spotify:track:1ZqHjApl3pfzwjweTfMi0g
False,46.0,Jefferson Airplane,Volunteers - Remastered,123386.0,spotify:track:04lTbtPmiRzwsxZRs2sdk9
False,21.0,Kenny Loggins,Vox Humana,250360.0,spotify:track:5Bv0gYUXTU2sx7BitZ5dRt
False,34.0,Sea Level,That's Your Secret,316600.0,spotify:track:4cPgzpdeKtOkgBYqHNLe9P
False,32.0,Big & Rich,That's Why I Pray,241893.0,spotify:track:6WDjQq0Noeji2O3bFfFsNW
False,47.0,George Michael,Waiting for That Day - Remastered,289996.0,spotify:track:1y8pNONQUfiCDXWME7IQBa
False,4.0,Neil Sedaka,That's When The Music Takes Me - Live,187466.0,spotify:track:4bCAhwWnHymmv1PSrmYARH
False,19.0,Darlene Love,Wait Til' My Bobby Gets Home,145066.0,spotify:track:5EloqxgwnAz27s8EQLFfb6
False,13.0,Candy & The Kisses,The 81,154800.0,spotify:track:30nTKl0xDGt9EQVrAEGJKY
True,37.0,Wc And The Maad Circle,West Up!,284266.0,spotify:track:3nBeTAYJqOOp2pweHRrmhK
,,,,,
False,9.0,The Chantels,"Well, I Told You",145133.0,spotify:track:53AqEQSKNcY9FGUFHncmxs
,,,,,
False,11.0,The Coasters,What About Us,171533.0,spotify:track:7oLItNFdvAwu8wwMohOvZH
,,,,,
False,65.0,Eminem,We Made You,269613.0,spotify:track:4UMTp91LHhvW33ol9ZQH0Q
False,45.0,Dyke & The Blazers,We Got More Soul,199946.0,spotify:track:5FrCb3dn8zBDQidICpI4Q5
False,16.0,Larry Santos,We Can't Hide It Anymore,227992.0,spotify:track:4VZoS4UevQIXbvEENjJYDA
False,30.0,Petula Clark,Wedding Song - There Is Love,195026.0,spotify:track:3vGXU8AxtVrlHrmiIM9qRN
,,,,,
False,26.0,Wendy & Lisa,Waterfall,301906.0,spotify:track:0i6vxP7VXmi1pIepsIkydF
False,29.0,Josh Gracin,We Weren't Crazy,227306.0,spotify:track:1P0QYbg9KhGtv2OvvYgAWq
,,,,,
,,,,,
False,0.0,The Karaoke Channel,Walk Away (Originally Performed by The James Gang) [Karaoke Version],212428.0,spotify:track:1ITY1Oqf73WnGftgOu2F4J
False,44.0,Berlin,The Metro,251200.0,spotify:track:3Mp0s4jN8X7J74Qt6sgDXl
False,36.0,Cymande,The Message,257760.0,spotify:track:0z45ROnrntKRPC7QYQUk3N
False,48.0,Dr. Hook,Walk Right In,185760.0,spotify:track:6v9UOHsr45DOHTV5ktvNRc
False,4.0,Fancy,Touch Me,230893.0,spotify:track:6E0UZPCoy7wU8ioe5U5l4J
False,14.0,Tamiko Jones,Touch Me Baby (Reaching Out for Your Love),185306.0,spotify:track:1yYuNV70O6b1Dfq56e8fAs
False,4.0,Brian Hyland,Tragedy,176200.0,spotify:track:6JXWk1EXvcgNdNu4Nk3H4h
False,33.0,Madonna,What It Feels Like for a Girl,283893.0,spotify:track:6rQcK4xOzePDdrTg7Yv6d6
False,17.0,Joey Dee & The Starliters,What Kind of Love Is This,130960.0,spotify:track:6AlHNhSph2BURliECGQCUo
True,40.0,Cam’ron,What Means The World To You,279466.0,spotify:track:6lH67bGdVbYWuthCi4iqH4
False,22.0,Bobby Vee,Walkin' With My Angel,139266.0,spotify:track:4SRMCUgrwNFN7vUHvyMS7l
False,20.0,The Four Lads,The Mocking Bird,140226.0,spotify:track:3RPVk2uXTxAVwfxlWr7UBV
False,24.0,Yoko Ono,Walking on Thin Ice,226281.0,spotify:track:1wVtRjpBb8dnpZC8XSlmiy
False,4.0,Meredith Brooks,What Would Happen,317266.0,spotify:track:2umzhmHTR4S8yTF6N4cB9S
False,16.0,Mel Carter,When A Boy Falls In Love,174000.0,spotify:track:3JRQZtDCdBXZyMfWfVxASo
,,,,,
False,54.0,Rascal Flatts,Yours If You Want It,206826.0,spotify:track:4D4xJ4LyDXBWIf9thFSMAJ
False,14.0,Chuck Jackson,Tell Him I'm Not Home,157226.0,spotify:track:2QcP1XPIx69G1UfYiBeuDu
False,37.0,El Chicano,Tell Her She's Lovely,232600.0,spotify:track:6yb6xhPaZBYwPvamEITnHy
False,29.0,Eddie Kendricks,Tell Her Love Has Felt The Need,265613.0,spotify:track:2IoP69pwUhyOtCACHEbhko
False,0.0,The Karaoke Crew,Tell Me (You're Coming Back) (As Made Famous by The Rolling Stones),236756.0,spotify:track:5n4jYHakT92Ia0005tNYPn
False,40.0,Herb Alpert & The Tijuana Brass,Whipped Cream,154440.0,spotify:track:2XdUwMWATBQCwemga7jfjA
,,,,,
,,,,,
False,72.0,Jefferson Airplane,White Rabbit,150640.0,spotify:track:4vpeKl0vMGdAXpZiQB2Dtd
,,,,,
False,31.0,Tony Bennett,Who Can I Turn To (When Nobody Needs Me),175360.0,spotify:track:2FXk3LhwfbziRcCg8Rp0fN
False,30.0,Bette Midler,When a Man Loves a Woman,299600.0,spotify:track:5VAb9PUHC2VgVtyjWAatsb
True,44.0,Lily Allen,The Fear,207120.0,spotify:track:7bW6MqAdTclmHVHAOkIyPS
False,10.0,Sonny & Cher,When You Say Love - Single Version,148946.0,spotify:track:2pRQeTrtd34PmX2vESvQUl
False,49.0,Billy Joel,The Entertainer,221040.0,spotify:track:60m29Z8TtocKOqDlQEbwUS
False,31.0,Gladys Knight & The Pips,The End Of Our Road,137093.0,spotify:track:4a9cvUCsCIpjwsdanrWl5t
False,33.0,Alabama,When We Make Love,217000.0,spotify:track:0GvY6UcFIiAt1PkuFCIhJR
False,45.0,Amazing Rhythm Aces,The End Is Not in Sight (The Cowboy Tune) - Remastered,230866.0,spotify:track:2XgmRcQs8o709APqLLNUVd
False,36.0,Eddy Arnold,Tennessee Stud - Remastered,185026.0,spotify:track:0B6zRccZmGS6CoMFXv8wdc
False,38.0,The Marvelettes,When You're Young And In Love,159533.0,spotify:track:3URfKi5DOvUaJMuTuT8osm
False,56.0,Vince Gill,Whenever You Come Around,259160.0,spotify:track:3PHLZ5wmtyZha1pp2405OT
False,9.0,Sandy Nelson,Teen Beat' 65,159426.0,spotify:track:2UbUp7nSoua1BTw4zBAqGJ
False,33.0,Johnny Gill,The Floor,312800.0,spotify:track:76LIYXBETh3PyHoNUufycb
False,29.0,The Beach Boys,When I Grow Up (To Be a Man),125413.0,spotify:track:2ulPFs59dOCrd6JLkvNIJR
False,32.0,Bread,The Guitar Man,225053.0,spotify:track:1mcQF2Oq45J4RaqvhvZps7
False,1.0,The Tune Rockers,The Green Mosquito,139040.0,spotify:track:2n4jL9nv4CS7uwqmu4MHu8
False,23.0,Tommy Page,When I Dream of You,247493.0,spotify:track:7dtxgjo3IOPKgR7koxzjY8
False,65.0,Bon Jovi,Thank You For Loving Me,308933.0,spotify:track:577MNC3o3L0lNIzx9abqOk
False,27.0,Martina McBride,When God-Fearin' Women Get The Blues,248426.0,spotify:track:1LJBFWSjLASFl8UqdczZh7
False,34.0,Shanice,When I Close My Eyes,202226.0,spotify:track:3EKEsJWz8oaxG1lfrojWug
False,28.0,The Drifters,When My Little Girl Is Smiling - Single Version,156400.0,spotify:track:5acRm7GjPIhHsh9Ds3q783
False,51.0,Tony Bennett,The Good Life,134893.0,spotify:track:4MVvSNPOUd2z70vkkNCbLr
False,40.0,Big Audio Dynamite,The Globe,364640.0,spotify:track:26UgQ719aQ39QAHytxPuVJ
,,,,,
False,38.0,Cheap Trick,Wherever Would I Be,246186.0,spotify:track:5u6tE49JDHC6qiA0d2Ci6i
False,61.0,The Mamas & The Papas,Dedicated To The One I Love,178733.0,spotify:track:1mFrjW8e8fuAOowlU3Q3Dr
False,35.0,Steppenwolf,Rock Me,218826.0,spotify:track:4MhaifZyR0ojpjv80l54qQ
False,40.0,The Rivieras,California Sun,146133.0,spotify:track:4FuY9TaO1Su5gh56WDcY2s
,,,,,
False,30.0,Johnny Crawford,Rumors,136506.0,spotify:track:32ISCMMXXyiRNMyD4Aaufs
False,40.0,The Temptations,(I Know) I'm Losing You,149493.0,spotify:track:6y8o4V2R2dSt2ijgL8C72W
False,1.0,The Ray Charles Singers,One More Time,177160.0,spotify:track:2LrJjPo4c64KW7Nzvi5OHA
,,,,,
False,0.0,Lee Dorsey,Do-Re-Mi,122386.0,spotify:track:60RkzklCQbX8qB9erx8vSC
False,1.0,Tommy Boyce & Bobby Hart,Alice Long (You're Still My Favorite Girlfriend),167510.0,spotify:track:62p7G9sDTisnbtns0IWXIP
False,30.0,"Peter, Paul and Mary",Day Is Done - 2004 Remaster,202973.0,spotify:track:71a9vOAsTH6ze4bonGsZdK
False,45.0,The Beach Boys,Do It Again - Remastered 2001,146373.0,spotify:track:0vhCcrN8ULryq1KuEEYlm2
False,27.0,The Temptations,Superstar (Remember How You Got Where You Are),173533.0,spotify:track:64s4Grin1A4UabYVF5O2vF
False,39.0,Paul Anka,A Steel Guitar and a Glass of Wine (with Ray Ellis & His Orchestra),135133.0,spotify:track:54xxVmu4bycyQ7psgJdzrh
False,39.0,Billy Stewart,Summertime,254866.0,spotify:track:4qH8fQ5Ub2r6llHnrRGM3w
False,37.0,Frank Sinatra,Cycles,190373.0,spotify:track:6DjRrgnIppWgyccDDEFAqe
False,16.0,The Harden Trio,Tippy Toeing,121213.0,spotify:track:54dLJWk0He1SHiNaBXUav1
False,29.0,The Turtles,She's My Girl,157333.0,spotify:track:44VtvmaLIBH2atC4XIKxto
False,8.0,Billy J. Kramer & The Dakotas,Bad to Me - Live,143765.0,spotify:track:5KITgZRmX2gNeQb1FgDXw4
False,42.0,Eric Burdon & the Animals,San Franciscan Nights,199373.0,spotify:track:7g0XgioAO3q8iBUQNoEAye
False,38.0,The Drifters,On Broadway,181213.0,spotify:track:3CH8M5lB931faZDzjCTfVW
False,57.0,The Beatles,Paperback Writer - Remastered 2015,138200.0,spotify:track:0Ui8KPWZbJJQ2Y0CIQuVqX
False,22.0,Ronnie Dove,Right or Wrong,133413.0,spotify:track:0bYjPXZEUYYhMwmd5KpVK1
False,60.0,The Chiffons,One Fine Day,128199.0,spotify:track:6vcG9EgeqJUSmmF65lxUm6
False,42.0,Johnny Rivers,Summer Rain - Remastered,232426.0,spotify:track:1yfHCiyxfm3XlKpFj5zsJU
,,,,,
,,,,,
False,44.0,Bobby Moore & The Rhythm Aces,Searching For My Love,150533.0,spotify:track:6EtOgpD6m1fBzcnckUAEfW
False,42.0,Vic Dana,Shangri-La,126346.0,spotify:track:5uPKJXCJse6seJX3DegLDN
False,31.0,Elvis Presley,Puppet on a String,160360.0,spotify:track:3NfRDjn2EVKA87kFXE0NH8
False,44.0,The Lovin' Spoonful,Rain On The Roof - 2003 Remaster,131040.0,spotify:track:2IDPRiQNveQJS3wYN1F1o4
False,42.0,The Temptations,Since I Lost My Baby,174626.0,spotify:track:1uzcPl4GZSU9Ysl1ZcMLTb
False,40.0,Love,Seven and Seven Is,139160.0,spotify:track:271WYO9G0zp3YhAi6tNqCd
,,,,,
,,,,,
False,25.0,Gene McDaniels,Point Of No Return,139200.0,spotify:track:3Z05xMKFPEwR8YadgcDPWH
False,50.0,Mark Lindsay,Silver Bird,183986.0,spotify:track:5ZV1ZPGSSOkdRG60uTtEmX
False,11.0,Johnny Tillotson,Out of My Mind,157333.0,spotify:track:4ObJvWDuO6ZOUQOxMUurBg
False,58.0,Donovan,Catch the Wind,173813.0,spotify:track:6aXKbU2QGsOms8UT3eUOg1
False,26.0,Marvin Gaye,Chained,158173.0,spotify:track:0jMryMUSRY0Tn60X0vFric
False,36.0,Bobby Vinton,Over the Mountain Across the Sea,145440.0,spotify:track:3ylLG2FFugFKU9sIdvdHmF
False,40.0,The Pyramids,Penetration,123167.0,spotify:track:2ORXFszhtyXn5MwVJcmiK6
False,18.0,Eric Burdon & the Animals,See See Rider,241266.0,spotify:track:7mGlt3k3luo8Qt69BxxZp7
,,,,,
False,38.0,Carole King,Sweet Seasons,193866.0,spotify:track:2CQhvHR4xM8uyAKwZYCaJx
,,,,,
False,43.0,The Delfonics,Break Your Promise - Remastered,184506.0,spotify:track:6k2cegIpd6Nc2WpO6xaSIc
False,15.0,The Kingston Trio,Bad Man's Blunder - Remastered,159226.0,spotify:track:1mzAgAg2Bd4AMwphrbIIMv
False,5.0,Melanie,Bitter Bad,153573.0,spotify:track:2tMJAOWb2Qe9oJeMGZ5n5q
False,3.0,The Devotions,Rip Van Winkle,138293.0,spotify:track:6wP6XDZH9HiMs6ejL2R6nj
False,49.0,Chubby Checker,Dancin' Party,128000.0,spotify:track:0d5XslrblYoeeVM56mijre
False,16.0,The Fifth Estate,Ding Dong! the Witch Is Dead,122920.0,spotify:track:1aJqvwsyVAPi4BpMpO40bT
False,25.0,Jay & The Americans,Some Enchanted Evening,135720.0,spotify:track:4XhZ3Bi2fuIRrRGQQ4PcCx
False,20.0,Etta James,Pushover,175160.0,spotify:track:5yPdVpOnMBoZP5r1ep5po4
False,13.0,Sue Thompson,Paper Tiger,144306.0,spotify:track:1cdkzx4QGDL8V3J8I2iu1V
False,43.0,The Seekers,A World of Our Own,163200.0,spotify:track:1DVTwlo4nWm41i91rN4xqh
False,20.0,The Orlons,Not Me,153706.0,spotify:track:6vIn75MvMef5rUQyJP8sCb
False,33.0,The Dave Clark Five,Do You Love Me - 2019 - Remaster,163653.0,spotify:track:3qjl89Zx45QpRL0o6wTvDM
False,30.0,Jackie Ross,Selfish One,197200.0,spotify:track:2JrxqUksBwyRvJYVabn9f7
False,30.0,The Temptations,All I Need,190040.0,spotify:track:6mdLen2d7jtAzDig0GgKKA
False,27.0,Lou Monte,"Pepino, the Italian Mouse",161320.0,spotify:track:4YZzhEfuPRYSAYXLWR2tWH
False,45.0,The Monkees,Pleasant Valley Sunday - 2007 Remaster,194466.0,spotify:track:2HqB3VSdiYmDkTTCPzVHOf
False,10.0,Willie Mitchell,20-75,131493.0,spotify:track:1dYDIWo3LKxziC1a3stxwv
False,17.0,Del Shannon,So Long Baby,119666.0,spotify:track:4pNazrpRFun1NpN3XJEMSS
False,14.0,The Pentagons,To Be Loved (Forever),145533.0,spotify:track:4Np5Xapako3lv3XZO9tKfE
,,,,,
False,57.0,The Doobie Brothers,"Another Park, Another Sunday",267800.0,spotify:track:6K1Wr66UPDkfsS4lrNdY9e
False,14.0,Bobby Vinton,Satin Pillows,146813.0,spotify:track:6cyuQP6SxQkYiF3zLKQL8Y
False,17.0,Ronnie Dove,A Little Bit of Heaven,168066.0,spotify:track:5BwkPXxLhEvIdeqzZHobwQ
False,7.0,The Beatles,Can’t Buy Me Love - Acoustic Cover,131176.0,spotify:track:3EQBI1Fiv7z3QfqTeb9Tqk
,,,,,
False,33.0,Tommy James & The Shondells,Sweet Cherry Wine,271200.0,spotify:track:1iesv8xiE4cgtssvBUBM4K
False,40.0,The Rolling Stones,19th Nervous Breakdown - Mono Version,236400.0,spotify:track:21ElXnithj4MX8E4rg5lh8
False,39.0,Engelbert Humperdinck,Am I That Easy To Forget,186160.0,spotify:track:59DZoz3ExJi9oCzt4VtVZ0
False,63.0,The Beatles,Penny Lane - Remastered 2009,180893.0,spotify:track:1h04XMpzGzmAudoI6VHBgA
False,43.0,Four Tops,Standing In The Shadows Of Love,157640.0,spotify:track:2sD2XkPogLt7keXttj7F9o
False,44.0,Bob Dylan,Rainy Day Women #12 & 35,274066.0,spotify:track:7BkAlVpGwXXl3sYNn5OoJ7
,,,,,
False,40.0,Chris Montez,Call Me,158613.0,spotify:track:6Jk6pyFWwJVyjPuisLVhWX
False,53.0,Elvis Presley,She's Not You,129026.0,spotify:track:6rIO7NYAGzLavmQViqelcG
False,65.0,Santana,Oye Como Va,256933.0,spotify:track:5u6y4u5EgDv0peILf60H5t
False,15.0,Andy Williams,A Fool Never Learns - Single Version,121786.0,spotify:track:78Uz5O2o00RpnNNlvOMl7K
False,19.0,James Brown,Super Bad - Pt. 1 & 2,249866.0,spotify:track:3aQrNU4wcaqPNSHZJ6LiO1
False,32.0,The Jackson 5,Sugar Daddy - Single Version,151666.0,spotify:track:5cnQK5zPBw2qCZVNmLRZx7
False,51.0,The Dave Clark Five,Because - 2019 - Remaster,142425.0,spotify:track:4IQ0Qa0xJ5ZgbzZ2jyrxC0
False,17.0,Connie Francis,Breakin' In A Brand New Broken Heart,157520.0,spotify:track:4Z2sM6VTcNZZQjpjR267go
False,63.0,Faces,Stay with Me,279360.0,spotify:track:7fLTytvnvxy653VWxflTRf
False,25.0,The 5th Dimension,Sweet Blindness - Remastered,207493.0,spotify:track:1WdWoxJeQxf8XeztgklB7t
False,1.0,Eric Burdon & the Animals,Don’t Bring Me Down,314906.0,spotify:track:1jfcjRGW6y4qnlOGchGqyn
False,4.0,James Darren,Conscience,153266.0,spotify:track:4U6I4CX15zcKLDSCgc0Eab
False,40.0,The Chiffons,Sweet Talkin' Guy,146133.0,spotify:track:5GLr9bkV2czl8o7zJoWXca
False,47.0,The Monkees,"A Little Bit Me, a Little Bit You",168053.0,spotify:track:4CeMCGrUZByXsrPUV7Qzsu
False,0.0,Peggy Scott,Pickin' Wild Mountain Berries,168000.0,spotify:track:2rqaOgw9B4JYSqWTq0QsOT
False,40.0,Harry Nilsson,Spaceman,214173.0,spotify:track:69O3FLsnM3zi5czOZGL70B
False,45.0,The Guess Who,Share the Land,235600.0,spotify:track:51krF0CyHT5AEuh81K0t0z
,,,,,
False,42.0,The Left Banke,Pretty Ballerina,158746.0,spotify:track:2wvr1ITeMHg51JQXT0gltU
False,49.0,Booker T. & the M.G.'s,Soul Limbo,142106.0,spotify:track:06yzME6dtXmBFO4DB5rVaT
False,44.0,Millie Jackson,"My Man, A Sweet Man",154573.0,spotify:track:3Wh8mMPPREtgsPisrNWDNJ
False,21.0,The Springfields,Silver Threads & Golden Needles,134706.0,spotify:track:7AiDssN92m9MdYh8iOvadh
False,35.0,Diana Ross,Remember Me,212413.0,spotify:track:01RcP6fQNIPpQoHncRthSN
False,24.0,Wilson Pickett,She's Lookin' Good,146640.0,spotify:track:2yzPnCC4znYMESaPnTFjmg
False,35.0,Aretha Franklin,Share Your Love with Me,201906.0,spotify:track:2wBf6PGWOMrrAykBmxIF9X
,,,,,
False,62.0,James Ingram,There's No Easy Way,227293.0,spotify:track:7ePEIbrsRXk9En7noiLAo7
,,,,,
False,55.0,Justin Moore,Bait A Hook,208493.0,spotify:track:6cAxSUPzHyywECgGSvoLyf
,,,,,
True,11.0,Juice WRLD,Smile,196180.0,spotify:track:4l6cbvK4AVQUwMcGGFvOUm
,,,,,
False,43.0,Lee Ann Womack,A Little Past Little Rock,256399.0,spotify:track:0ieL9hQJOHdlnyeOoBv768
True,54.0,Megan Thee Stallion,B.I.T.C.H.,183142.0,spotify:track:06scTb0zbkxYNgpAB3J9fN
False,76.0,Morgan Wallen,Cover Me Up,293706.0,spotify:track:0mKnuxVkPi5h0kuvZl44VM
,,,,,
False,54.0,NERO,Promises - Skrillex & Nero Remix,268706.0,spotify:track:7569Hbv0FUS7vjkdGvdgeZ
,,,,,
False,65.0,Taylor Swift,Out Of The Woods,235800.0,spotify:track:5OndtwLGA9O6XHFcGm2H7r
False,52.0,Clout,Substitute,203679.0,spotify:track:5Crk9lNz4gGTVxTydF57d7
True,74.0,Lil Mosey,Noticed,165000.0,spotify:track:7zLYKWcXnYeHHWidalz7rj
False,25.0,Jewel,Stronger Woman,242693.0,spotify:track:4S0SN8LHWeNgFVb3GFV4lV
,,,,,
False,65.0,The La's,There She Goes,162160.0,spotify:track:0SMkzFGJOBFDI9KfYD55L0
False,22.0,Jerry Wallace,There She Goes,152200.0,spotify:track:2J7WIxR3zdQGpJhS7W7QCI
False,3.0,Billy Vaughn,"Theme From ""The Alamo"" The Green Leaves Of Summer",147306.0,spotify:track:0Ku8PwltUexvpOYikN0Dbo
False,32.0,Ginuwine,There It Is,300773.0,spotify:track:2bTN76FOzs9L55HQgvP6P8
False,8.0,Paul Davis,Thinking of You,215400.0,spotify:track:5Rk7ej7u8lKqNGzrwkE9Tt
False,67.0,Aretha Franklin,Think,139733.0,spotify:track:4yQw7FR9lcvL6RHtegbJBh
,,,,,
False,31.0,Vanessa Williams,The Right Stuff,267173.0,spotify:track:4XOq7frultDFgx4l3wuRPc
False,49.0,The Charlie Daniels Band,The South's Gonna Do It Again,237426.0,spotify:track:7HRqpMkcCVVhmKme8bScvl
False,41.0,Al Wilson,The Snake,203800.0,spotify:track:3UMqQ1QTgvAj8FTQMoNPfk
False,69.0,Lady Gaga,Stupid Love,193533.0,spotify:track:7yBbV2k2S2uhaQc24NF2xt
False,47.0,The Jarmels,A Little Bit Of Soap,134666.0,spotify:track:73tGO4JJKrMYtjCbq1v8Oa
False,0.0,Melanie,The Nickel Song,241440.0,spotify:track:2BdE4tOpt8X2qMNtj8023z
,,,,,
False,28.0,The Animals,The Night,235506.0,spotify:track:4AeH1nSZaqRliKLqEohH9c
False,30.0,Billy Joel,The Night Is Still Young,326306.0,spotify:track:0G1UfvnMvLyypameCwVWYi
False,62.0,The Rolling Stones,Tumbling Dice,226333.0,spotify:track:4hq0S6wznq7SHDyMOFXL9i
False,62.0,Otis Redding,Try a Little Tenderness,201733.0,spotify:track:36AlMHDBFwSsD3FQOy1R81
,,,,,
False,9.0,Brook Benton,Two Tickets To Paradise,159306.0,spotify:track:4cw5ZVMd3UdRHnRsO0OlFN
,,,,,
,,,,,
False,13.0,Gary U.S. Bonds,"Twist, Twist Senora",157893.0,spotify:track:1u7zJy4RUSXclRhswkA6RT
False,3.0,Bill Black's Combo,Twist-Her,127093.0,spotify:track:6L3TUUw1x872w7nEFVXkyC
False,41.0,Barry Manilow,This One's for You,209133.0,spotify:track:567mtwGAxyinU8hpLOelSF
False,30.0,Ruth Brown,This Little Girl's Gone Rockin',108293.0,spotify:track:3gd3Eu7AEqJC1wcNx8P8xg
False,33.0,The Impressions,This Is My Country,168026.0,spotify:track:0jQ6JOVJqRb70yo1DFjeUC
False,3.0,Shep And The Limelites,Three Steps from the Altar,162000.0,spotify:track:5WkOR0PQIE6ODgShdxbBwL
False,28.0,Reba McEntire,Till You Love Me,232160.0,spotify:track:2lGYcO8G3h46UXQI0N1ci6
False,33.0,The Pasadenas,Tribute (Right On),301733.0,spotify:track:4baAkyIjpj49MImHjJljx2
,,,,,
,,,,,
,,,,,
,,,,,
,,,,,
,,,,,
False,0.0,The Mickey Mozart Quintet,Little Dipper,118530.0,spotify:track:1u5oyDBPbN4V5ZncG2SYaF
False,83.0,Justin Bieber,Mistletoe,182946.0,spotify:track:7xapw9Oy21WpfEcib2ErSA
False,75.0,Kelly Clarkson,Underneath the Tree,229640.0,spotify:track:3YZE5qDV7u1ZD1gZc47ZeR
False,4.0,Les Paul,Jura (I Swear I Love You),135466.0,spotify:track:4QLWWkqGW0YhGy4GMDzuuo
False,45.0,Pleasure P,Under,231160.0,spotify:track:48TPQWN8wy8vgJ0rKWM0z3
False,16.0,Poco,Under The Gun,193226.0,spotify:track:49IooF2Pshjms6iidmHeHQ
False,57.0,Dierks Bentley,Gone,205960.0,spotify:track:7IhfjcaXuXCq20ZiAA7igK
,,,,,
False,32.0,The Passions,Just To Be With You,144373.0,spotify:track:7iWJRjevjgQ6EqaxUR99SJ
False,46.0,The Guess Who,Undun,206306.0,spotify:track:3zsWzIGaMYfB8V9dPx2nge
,,,,,
,,,,,
,,,,,
,,,,,
False,0.0,The Stylistics,You’ll Never Get To Heaven If You Break My Heart,127053.0,spotify:track:5GcrUkSnucQyeKQuSRYokM
False,4.0,The Sons Of Champlin,Hold On,186773.0,spotify:track:1ZpxbubLYimCNuabbXbrzD
False,50.0,Rod Stewart,You Wear It Well,262960.0,spotify:track:08BSHFPXmclm8AYat5hXM7
,,,,,
False,49.0,"Grover Washington, Jr.",Mister Magic,541826.0,spotify:track:2fmXnPfzguSp3zKDibCBgv
False,25.0,Bobby Darin,Lazy River,152319.0,spotify:track:7aUntLt00Tgpawu1zrQvKd
False,29.0,The Everly Brothers,Lucille,152066.0,spotify:track:5C9ZW69WIoyEGg7QGJaIWI
False,22.0,Fats Domino,"Jambalaya/You Win Again - Medley/Live On The Ed Sullivan Show, March 4, 1962",101000.0,spotify:track:4RAWjh2sQvEOWimtJYrA45
False,10.0,Vic Damone,You Were Only Fooling (While I Was Falling in Love),154146.0,spotify:track:5zTsicOFimBo9Bj7g9XSkv
,,,,,
False,39.0,Strawberry Alarm Clock,Tomorrow,133813.0,spotify:track:6SKHCNr72Dzc52nXu7QPQQ
,,,,,
,,,,,
False,61.0,Sylvester,You Make Me Feel (Mighty Real),400115.0,spotify:track:0RnCUYXa7jhgTXtiMXF2PQ
False,33.0,Captain & Tennille,You Need A Woman Tonight,196000.0,spotify:track:5j9AxwzCuUOd24WWHDbQEr
False,17.0,The Impressions,You Must Believe Me,151293.0,spotify:track:3UVwuwDtDu7ebH119q7y4a
False,34.0,Elton John,Written In The Stars,257838.0,spotify:track:4fyeuk1je5rCTciR6xh0JW
False,38.0,Everything But The Girl,Wrong - 2015 Remaster,276693.0,spotify:track:68U5K7U8xSoiHmL4QboOE1
False,33.0,The Rooftop Singers,Tom Cat,129000.0,spotify:track:25w19pmXnbdbkXZAXjEZxE
False,42.0,Channel Tres,take your time (feat. Tinashe),191261.0,spotify:track:2AvoxIbaR1vmZe6sCmigaF
True,9.0,Terry Knight And The Pack,I (Who Have Nothing),202000.0,spotify:track:749S6pIVPtnCCq6mzufmUd
False,29.0,Foghat,Drivin' Wheel,313800.0,spotify:track:330EfGkhYhSake0MY2SOiA
False,48.0,Lee Dorsey,Get out of My Life Woman,146266.0,spotify:track:6DNgKv1sWH2505Z5SAqAXr
False,72.0,George Harrison,Got My Mind Set On You - Remastered 2004,234653.0,spotify:track:3OeUlriM0EZHdWleJtjoVr
,,,,,
False,30.0,Python Lee Jackson,In A Broken Dream,255183.0,spotify:track:0DpyE1JwimaQaiFXQdwUCZ
False,51.0,Akon,Angel,215226.0,spotify:track:6LBcHFbzmKSgGjZapRE2B5
,,,,,
False,28.0,Leo Sayer,Easy to Love,223493.0,spotify:track:1PCpy4YPgIS0pPexjoMuGy
,,,,,
False,27.0,Mitty Collier,I Had A Talk With My Man,221146.0,spotify:track:0gtlgRyGc3dSjMkWQR3DST
False,4.0,The People's Choice - Paul Simpson Mix,I Likes To Do It - Extended Mix,428813.0,spotify:track:0ZAzfn2b9aNkP8Ft8tDtl2
,,,,,
,,,,,
False,5.0,Jim Stafford,Your Bulldog Drinks Champagne - Rerecorded,200573.0,spotify:track:7i9UmyNZeWIDZ3BEG1TGtK
False,21.0,Barbra Streisand,He Touched Me,189573.0,spotify:track:41nHzM661MpSZ2pVIXdZhB
False,29.0,Paul & Paula,Young Lovers - Nashville Mix,155333.0,spotify:track:3uwLRf5h1gnMkOfcjocjGi
,,,,,
False,11.0,The Jackson 5,Hallelujah Day,167240.0,spotify:track:3Bf6hiZXLfflOZ3RttXoch
False,51.0,Wanda Jackson,Let's Have A Party,131200.0,spotify:track:2B4IYgIkBnemrp0YEkaUIH
,,,,,
False,31.0,Hedgehoppers Anonymous,It's Good News Week,126827.0,spotify:track:78104FLuUPJWTnHPvZ887g
False,13.0,Johnny Rivers,Help Me Rhonda,173373.0,spotify:track:4MIo5Zh9MkJbzC0aGygEGZ
,,,,,
False,32.0,Johnny Bond,Hot Rod Lincoln,165986.0,spotify:track:2FvpvjHX32OLvendFImN9N
,,,,,
,,,,,
False,49.0,Daughtry,Crawling Back To You,225440.0,spotify:track:571pa5LGKPGLNTLcobbrgr
,,,,,
False,37.0,Garland Green,Jealous Kind Of Fella,173533.0,spotify:track:1dtKN6wwlolkM8XZy2y9C1
False,25.0,Steve Winwood,Talking Back To The Night,343000.0,spotify:track:09rPMrDjbJw8RUef9TXh7N
False,7.0,Jack Scott,With Your Love,122733.0,spotify:track:6hXji2WIbo3MvfZ0560wkx
False,57.0,Kim Wilde,You Came - Single Version,208520.0,spotify:track:2mXvx5UORysNIFVnsuo3kc
False,16.0,Jackie Wilson,You Better Know It,124040.0,spotify:track:6uwFpsws7Iz5eTJMU9JCfE
True,74.0,Eminem,The Way I Am,290426.0,spotify:track:23wfXwnsPZYe5A1xXRHb3J
False,47.0,Bo Diddley,You Can't Judge A Book By Its Cover,194853.0,spotify:track:4HEmPMRG1Mz4pYEpYbWTO0
False,17.0,The Chiffons,I Have A Boyfriend,125840.0,spotify:track:39woPeTxfi48gt4qJqXIoV
,,,,,
False,28.0,The J. Geils Band,Looking for a Love,223866.0,spotify:track:3dbNcwx4bS1ocNheiMWl8M
False,40.0,Keyshia Cole,You Complete Me,230920.0,spotify:track:5T0LcVM6SwLX95hLedcseh
,,,,,
False,12.0,1910 Fruitgum Company,The Train - Buddha Remastered 2001,161840.0,spotify:track:5t4871ZY9tLGew6wt6KBSK
False,33.0,Roy Hamilton,You Can Have Her,165933.0,spotify:track:2MAoJ97inXy07VArmGOfKe
,,,,,
False,38.0,Limmie & Family Cookin',You Can Do Magic,177005.0,spotify:track:5VpWtIi1W5bZ1eEmncgJgw
False,9.0,Johnny Tillotson,You Can Never Stop Me Loving You,163960.0,spotify:track:7hfjJzH1W1G69PiGWkBJRF
False,23.0,Barbara Mason,From His Woman to You,210320.0,spotify:track:5XpYAjIOmPbVs3UjljopXY
False,6.0,The San Remo Golden Strings,Hungry for Love,179066.0,spotify:track:1IVWnhqf8tcGu4EKGkp3AP
False,39.0,Capleton,Wings Of The Morning,231666.0,spotify:track:6NY8PMePZSyy2YPzJlhO7H
False,41.0,"Clarence ""Frogman"" Henry",You Always Hurt The One You Love,150506.0,spotify:track:50l67uDFLIW3d9C5QCf4Kr
False,34.0,Pajama Party,You No Se,340973.0,spotify:track:6fW42fJKKQOdTp2PCQI9lQ
False,4.0,The Ivy Three,Yogi,132186.0,spotify:track:0VMbqYoFBmCr3DINNPBFFF
,,,,,
False,29.0,Reality,Yolanda - Radio Mix,226324.0,spotify:track:4N99tmCv0G2hh6dgKyL9zG
False,52.0,Soulsister,The Way to Your Heart,228293.0,spotify:track:7h7yYTlVSHY3Fk7mSb0cDZ
False,40.0,Dru Hill,You Are Everything,275266.0,spotify:track:79IjeSGwqOoKrbD1O6KKcu
False,37.0,The Sylvers,Wish That I Could Talk to You,176093.0,spotify:track:2n5BCKChXCrv9QoIbkUADA
,,,,,
False,57.0,Live,The Dolphin's Cry,264160.0,spotify:track:6FPnecQDKOWSAKDKBAZ7ZG
False,45.0,The Fabulous Thunderbirds,Wrap It Up,162600.0,spotify:track:7LyBijjHIOoO8CSxVwVRKM
False,6.0,The Olympics,The Bounce,152973.0,spotify:track:2IKIAQakHzESKJ84cIwFPh
False,36.0,Perfect Stranger,You Have The Right To Remain Silent,210866.0,spotify:track:7KgBgVGO5Ey46Z8r78eKAG
False,70.0,Simon & Garfunkel,The Boxer,308520.0,spotify:track:76TZCvJ8GitQ2FA1q5dKu0
False,40.0,The Ad Libs,The Boy From New York City,181000.0,spotify:track:3kOrjPYYNLlWp7RJlzyg66
False,27.0,Marky Mark And The Funky Bunch,You Gotta Believe,273293.0,spotify:track:3vy7oksJ5n5MjFuEhXKBmz
False,29.0,The 5th Dimension,Workin' On A Groovy Thing - Patti Drew Cover,190506.0,spotify:track:1h7UT8AeLNwkJWVOF5lLM8
False,7.0,The Secrets,The Boy Next Door,123133.0,spotify:track:4DVSn9CXSXehYTkHXZl0Sy
False,30.0,The Everly Brothers,Like Strangers,122200.0,spotify:track:0kix2VBMMe6KQVTahDj11s
False,14.0,Shelley Fabares,Johnny Loves Me,142226.0,spotify:track:2UBCsvPvDbfLhQMzwcDtrJ
False,28.0,Little Eva,Let's Turkey Trot,149506.0,spotify:track:2gQBq8rmNC3kMrh9BuxJMs
False,11.0,Kitty Kallen,My Coloring Book,213368.0,spotify:track:0G1Li7fjSvvQ70XmN08MuP
,,,,,
False,52.0,Linkin Park,The Catalyst,339853.0,spotify:track:4tXBsD5sEzxlJjWCOz6qzs
False,17.0,The 5th Dimension,Together Let's Find Love - Digitally Remastered 1997,217280.0,spotify:track:1LejPFshcBbPexpLUX6l1p
False,5.0,Chuck Berry,Nadine (Is It You?),153693.0,spotify:track:1v8oUOlXSyCnu47G3kjILN
False,16.0,The Delfonics,You've Got Yours and I'll Get Mine,196986.0,spotify:track:1kv28lKIdRA2aydk5ZYtW2
False,26.0,The Dave Clark Five,You Got What It Takes - 2019 - Remaster,179687.0,spotify:track:0iDVwhenUOD6RLWxadsPWk
,,,,,
,,,,,
,,,,,
False,21.0,Spin Doctors,You Let Your Heart Go Too Fast,228733.0,spotify:track:2Xib57pHWXHRO1ErpJflwj
False,38.0,Jerry Lee Lewis,Me And Bobby McGee,192320.0,spotify:track:39XiLaHZ8AOdYKbt0v3HqS
False,30.0,Tanya Tucker,Would You Lay with Me (In a Field of Stone),142760.0,spotify:track:4I656cKOfK65lsl850hSLI
False,21.0,Homer & Jethro,The Battle Of Kookamonga,158866.0,spotify:track:67nroBWmL1zoCNR1QM2sc1
False,29.0,The Five Blobs,The Blob,159933.0,spotify:track:3UVxWDYfUSwtEfzN5QfE7Z
False,29.0,Tony! Toni! Toné!,The Blues,253133.0,spotify:track:2TYgfLRpzaC4LgTqRy7UAf
False,52.0,Depeche Mode,World in My Eyes - 2006 Remaster,267040.0,spotify:track:70B5oP5ng1QYClkJ9CeWly
False,5.0,Andy Williams,The Bilbao Song,135773.0,spotify:track:68cXqkPaHAFkotUv3ETwZD
,,,,,
False,11.0,Johnny Tillotson,Worry,132293.0,spotify:track:736V9Rm2sj3fb3Ev1vIifz
,,,,,
False,39.0,Herman's Hermits,( What A) Wonderful World,119573.0,spotify:track:4E2jtYi0OhTYaSJ0iCD4Sw
False,30.0,Roy Orbison,The Crowd,144280.0,spotify:track:2FNMqr56jFSLyI2GcKgM68
