name,Song,album,artists,available_markets,disc_number,duration_ms,explicit,external_ids,external_urls,href,id,is_local,name,popularity,preview_url,track_number,type,uri,0
concat_1,0,"{'album_type': 'single', 'artists': [{'external_urls': {'spotify': 'https://open.spotify.com/artist/7jVv8c5Fj3E9VhNjxT4snq'}, 'href': 'https://api.spotify.com/v1/artists/7jVv8c5Fj3E9VhNjxT4snq', 'id': '7jVv8c5Fj3E9VhNjxT4snq', 'name': 'Lil Nas X', 'type': 'artist', 'uri': 'spotify:artist:7jVv8c5Fj3E9VhNjxT4snq'}], 'available_markets': ['AD', 'AE', 'AG', 'AL', 'AM', 'AO', 'AR', 'AT', 'AU', 'AZ', 'BA', 'BB', 'BD', 'BE', 'BF', 'BG', 'BH', 'BI', 'BJ', 'BN', 'BO', 'BR', 'BS', 'BT', 'BW', 'BY', 'BZ', 'CA', 'CD', 'CG', 'CH', 'CI', 'CL', 'CM', 'CO', 'CR', 'CV', 'CW', 'CY', 'CZ', 'DE', 'DJ', 'DK', 'DM', 'DO', 'DZ', 'EC', 'EE', 'EG', 'ES', 'FI', 'FJ', 'FM', 'FR', 'GA', 'GB', 'GD', 'GE', 'GH', 'GM', 'GN', 'GQ', 'GR', 'GT', 'GW', 'GY', 'HK', 'HN', 'HR', 'HT', 'HU', 'ID', 'IE', 'IL', 'IN', 'IQ', 'IS', 'IT', 'JM', 'JO', 'JP', 'KE', 'KG', 'KH', 'KI', 'KM', 'KN', 'KR', 'KW', 'KZ', 'LA', 'LB', 'LC', 'LI', 'LK', 'LR', 'LS', 'LT', 'LU', 'LV', 'LY', 'MA', 'MC', 'MD', 'ME', 'MG', 'MH', 'MK', 'ML', 'MN', 'MO', 'MR', 'MT', 'MU', 'MV', 'MW', 'MX', 'MY', 'MZ', 'NA', 'NE', 'NG', 'NI', 'NL', 'NO', 'NP', 'NR', 'NZ', 'OM', 'PA', 'PE', 'PG', 'PH', 'PK', 'PL', 'PS', 'PT', 'PW', 'PY', 'QA', 'RO', 'RS', 'RW', 'SA', 'SB', 'SC', 'SE', 'SG', 'SI', 'SK', 'SL', 'SM', 'SN', 'SR', 'ST', 'SV', 'SZ', 'TD', 'TG', 'TH', 'TJ', 'TL', 'TN', 'TO', 'TR', 'TT', 'TV', 'TW', 'TZ', 'UA', 'UG', 'US', 'UY', 'UZ', 'VC', 'VE', 'VN', 'VU', 'WS', 'XK', 'ZA', 'ZM', 'ZW'], 'external_urls': {'spotify': 'https://open.spotify.com/album/4IRiXE5NROxknUSAUSjMoO'}, 'href': 'https://api.spotify.com/v1/albums/4IRiXE5NROxknUSAUSjMoO', 'id': '4IRiXE5NROxknUSAUSjMoO', 'images': [{'height': 640, 'url': 'https://i.scdn.co/image/ab67616d0000b273c0e7bf5cdd630f314f20586a', 'width': 640}, {'height': 300, 'url': 'https://i.scdn.co/image/ab67616d00001e02c0e7bf5cdd630f314f20586a', 'width': 300}, {'height': 64, 'url': 'https://i.scdn.co/image/ab67616d00004851c0e7bf5cdd630f314f20586a', 'width': 64}], 'name': '7 EP', 'release_date': '2019-06-21', 'release_date_precision': 'day', 'total_tracks': 8, 'type': 'album', 'uri': 'spotify:album:4IRiXE5NROxknUSAUSjMoO'}","[{'external_urls': {'spotify': 'https://open.spotify.com/artist/7jVv8c5Fj3E9VhNjxT4snq'}, 'href': 'https://api.spotify.com/v1/artists/7jVv8c5Fj3E9VhNjxT4snq', 'id': '7jVv8c5Fj3E9VhNjxT4snq', 'name': 'Lil Nas X', 'type': 'artist', 'uri': 'spotify:artist:7jVv8c5Fj3E9VhNjxT4snq'}, {'external_urls': {'spotify': 'https://open.spotify.com/artist/60rpJ9SgigSd16DOAG7GSa'}, 'href': 'https://api.spotify.com/v1/artists/60rpJ9SgigSd16DOAG7GSa', 'id': '60rpJ9SgigSd16DOAG7GSa', 'name': 'Billy Ray Cyrus', 'type': 'artist', 'uri': 'spotify:artist:60rpJ9SgigSd16DOAG7GSa'}]","['AD', 'AE', 'AG', 'AL', 'AM', 'AO', 'AR', 'AT', 'AU', 'AZ', 'BA', 'BB', 'BD', 'BE', 'BF', 'BG', 'BH', 'BI', 'BJ', 'BN', 'BO', 'BR', 'BS', 'BT', 'BW', 'BY', 'BZ', 'CA', 'CD', 'CG', 'CH', 'CI', 'CL', 'CM', 'CO', 'CR', 'CV', 'CW', 'CY', 'CZ', 'DE', 'DJ', 'DK', 'DM', 'DO', 'DZ', 'EC', 'EE', 'EG', 'ES', 'ET', 'FI', 'FJ', 'FM', 'FR', 'GA', 'GB', 'GD', 'GE', 'GH', 'GM', 'GN', 'GQ', 'GR', 'GT', 'GW', 'GY', 'HK', 'HN', 'HR', 'HT', 'HU', 'ID', 'IE', 'IL', 'IN', 'IQ', 'IS', 'IT', 'JM', 'JO', 'JP', 'KE', 'KG', 'KH', 'KI', 'KM', 'KN', 'KR', 'KW', 'KZ', 'LA', 'LB', 'LC', 'LI', 'LK', 'LR', 'LS', 'LT', 'LU', 'LV', 'LY', 'MA', 'MC', 'MD', 'ME', 'MG', 'MH', 'MK', 'ML', 'MN', 'MO', 'MR', 'MT', 'MU', 'MV', 'MW', 'MX', 'MY', 'MZ', 'NA', 'NE', 'NG', 'NI', 'NL', 'NO', 'NP', 'NR', 'NZ', 'OM', 'PA', 'PE', 'PG', 'PH', 'PK', 'PL', 'PS', 'PT', 'PW', 'PY', 'QA', 'RO', 'RS', 'RW', 'SA', 'SB', 'SC', 'SE', 'SG', 'SI', 'SK', 'SL', 'SM', 'SN', 'SR', 'ST', 'SV', 'SZ', 'TD', 'TG', 'TH', 'TJ', 'TL', 'TN', 'TO', 'TR', 'TT', 'TV', 'TW', 'TZ', 'UA', 'UG', 'US', 'UY', 'UZ', 'VC', 'VE', 'VN', 'VU', 'WS', 'XK', 'ZA', 'ZM', 'ZW']",1.0,157066.0,False,{'isrc': 'USSM11902498'},{'spotify': 'https://open.spotify.com/track/2YpeDb67231RjR0MgVLzsG'},https://api.spotify.com/v1/tracks/2YpeDb67231RjR0MgVLzsG,2YpeDb67231RjR0MgVLzsG,False,Old Town Road - Remix,79.0,https://p.scdn.co/mp3-preview/b1b4f28e5b4fc6791db78234435a20a7704c7774?cid=6e24789ec7874259a220f747fcd7e93e,1.0,track,spotify:track:2YpeDb67231RjR0MgVLzsG,
concat_1,1,"{'album_type': 'album', 'artists': [{'external_urls': {'spotify': 'https://open.spotify.com/artist/4iHNK0tOyZPYnBU7nGAgpQ'}, 'href': 'https://api.spotify.com/v1/artists/4iHNK0tOyZPYnBU7nGAgpQ', 'id': '4iHNK0tOyZPYnBU7nGAgpQ', 'name': 'Mariah Carey', 'type': 'artist', 'uri': 'spotify:artist:4iHNK0tOyZPYnBU7nGAgpQ'}], 'available_markets': ['AD', 'AE', 'AG', 'AL', 'AM', 'AO', 'AR', 'AT', 'AU', 'AZ', 'BA', 'BB', 'BD', 'BE', 'BF', 'BG', 'BH', 'BI', 'BJ', 'BN', 'BO', 'BR', 'BS', 'BT', 'BW', 'BY', 'BZ', 'CA', 'CD', 'CG', 'CH', 'CI', 'CL', 'CM', 'CO', 'CR', 'CV', 'CW', 'CY', 'CZ', 'DE', 'DJ', 'DK', 'DM', 'DO', 'DZ', 'EC', 'EE', 'EG', 'ES', 'FI', 'FJ', 'FM', 'FR', 'GA', 'GB', 'GD', 'GE', 'GH', 'GM', 'GN', 'GQ', 'GR', 'GT', 'GW', 'GY', 'HK', 'HN', 'HR', 'HT', 'HU', 'ID', 'IE', 'IL', 'IN', 'IQ', 'IS', 'IT', 'JM', 'JO', 'JP', 'KE', 'KG', 'KH', 'KI', 'KM', 'KN', 'KR', 'KW', 'KZ', 'LA', 'LB', 'LC', 'LI', 'LK', 'LR', 'LS', 'LT', 'LU', 'LV', 'LY', 'MA', 'MC', 'MD', 'ME', 'MG', 'MH', 'MK', 'ML', 'MN', 'MO', 'MR', 'MT', 'MU', 'MV', 'MW', 'MX', 'MY', 'MZ', 'NA', 'NE', 'NG', 'NI', 'NL', 'NO', 'NP', 'NR', 'NZ', 'OM', 'PA', 'PE', 'PG', 'PH', 'PK', 'PL', 'PS', 'PT', 'PW', 'PY', 'QA', 'RO', 'RS', 'RW', 'SA', 'SB', 'SC', 'SE', 'SG', 'SI', 'SK', 'SL', 'SM', 'SN', 'SR', 'ST', 'SV', 'SZ', 'TD', 'TG', 'TH', 'TJ', 'TL', 'TN', 'TO', 'TR', 'TT', 'TV', 'TW', 'TZ', 'UA', 'UG', 'US', 'UY', 'UZ', 'VC', 'VE', 'VN', 'VU', 'WS', 'XK', 'ZA', 'ZM', 'ZW'], 'external_urls': {'spotify': 'https://open.spotify.com/album/1ibYM4abQtSVQFQWvDSo4J'}, 'href': 'https://api.spotify.com/v1/albums/1ibYM4abQtSVQFQWvDSo4J', 'id': '1ibYM4abQtSVQFQWvDSo4J', 'images': [{'height': 640, 'url': 'https://i.scdn.co/image/ab67616d0000b273749e9bfa78277f30ad2c9a9c', 'width': 640}, {'height': 300, 'url': 'https://i.scdn.co/image/ab67616d00001e02749e9bfa78277f30ad2c9a9c', 'width': 300}, {'height': 64, 'url': 'https://i.scdn.co/image/ab67616d00004851749e9bfa78277f30ad2c9a9c', 'width': 64}], 'name': 'Daydream', 'release_date': '1995-10-03', 'release_date_precision': 'day', 'total_tracks': 12, 'type': 'album', 'uri': 'spotify:album:1ibYM4abQtSVQFQWvDSo4J'}","[{'external_urls': {'spotify': 'https://open.spotify.com/artist/4iHNK0tOyZPYnBU7nGAgpQ'}, 'href': 'https://api.spotify.com/v1/artists/4iHNK0tOyZPYnBU7nGAgpQ', 'id': '4iHNK0tOyZPYnBU7nGAgpQ', 'name': 'Mariah Carey', 'type': 'artist', 'uri': 'spotify:artist:4iHNK0tOyZPYnBU7nGAgpQ'}, {'external_urls': {'spotify': 'https://open.spotify.com/artist/6O74knDqdv3XaWtkII7Xjp'}, 'href': 'https://api.spotify.com/v1/artists/6O74knDqdv3XaWtkII7Xjp', 'id': '6O74knDqdv3XaWtkII7Xjp', 'name': 'Boyz II Men', 'type': 'artist', 'uri': 'spotify:artist:6O74knDqdv3XaWtkII7Xjp'}]","['AD', 'AE', 'AG', 'AL', 'AM', 'AO', 'AR', 'AT', 'AU', 'AZ', 'BA', 'BB', 'BD', 'BE', 'BF', 'BG', 'BH', 'BI', 'BJ', 'BN', 'BO', 'BR', 'BS', 'BT', 'BW', 'BY', 'BZ', 'CA', 'CD', 'CG', 'CH', 'CI', 'CL', 'CM', 'CO', 'CR', 'CV', 'CW', 'CY', 'CZ', 'DE', 'DJ', 'DK', 'DM', 'DO', 'DZ', 'EC', 'EE', 'EG', 'ES', 'FI', 'FJ', 'FM', 'FR', 'GA', 'GB', 'GD', 'GE', 'GH', 'GM', 'GN', 'GQ', 'GR', 'GT', 'GW', 'GY', 'HK', 'HN', 'HR', 'HT', 'HU', 'ID', 'IE', 'IL', 'IN', 'IQ', 'IS', 'IT', 'JM', 'JO', 'JP', 'KE', 'KG', 'KH', 'KI', 'KM', 'KN', 'KR', 'KW', 'KZ', 'LA', 'LB', 'LC', 'LI', 'LK', 'LR', 'LS', 'LT', 'LU', 'LV', 'LY', 'MA', 'MC', 'MD', 'ME', 'MG', 'MH', 'MK', 'ML', 'MN', 'MO', 'MR', 'MT', 'MU', 'MV', 'MW', 'MX', 'MY', 'MZ', 'NA', 'NE', 'NG', 'NI', 'NL', 'NO', 'NP', 'NR', 'NZ', 'OM', 'PA', 'PE', 'PG', 'PH', 'PK', 'PL', 'PS', 'PT', 'PW', 'PY', 'QA', 'RO', 'RS', 'RW', 'SA', 'SB', 'SC', 'SE', 'SG', 'SI', 'SK', 'SL', 'SM', 'SN', 'SR', 'ST', 'SV', 'SZ', 'TD', 'TG', 'TH', 'TJ', 'TL', 'TN', 'TO', 'TR', 'TT', 'TV', 'TW', 'TZ', 'UA', 'UG', 'US', 'UY', 'UZ', 'VC', 'VE', 'VN', 'VU', 'WS', 'XK', 'ZA', 'ZM', 'ZW']",1.0,281066.0,False,{'isrc': 'USSM19501117'},{'spotify': 'https://open.spotify.com/track/7ySbfLwdCwl1EM0zNCJZ38'},https://api.spotify.com/v1/tracks/7ySbfLwdCwl1EM0zNCJZ38,7ySbfLwdCwl1EM0zNCJZ38,False,One Sweet Day,69.0,https://p.scdn.co/mp3-preview/e0d52e9712427d64819957e988f7730a3a8b9c6b?cid=6e24789ec7874259a220f747fcd7e93e,3.0,track,spotify:track:7ySbfLwdCwl1EM0zNCJZ38,
concat_1,2,"{'album_type': 'album', 'artists': [{'external_urls': {'spotify': 'https://open.spotify.com/artist/4V8Sr092TqfHkfAA5fXXqG'}, 'href': 'https://api.spotify.com/v1/artists/4V8Sr092TqfHkfAA5fXXqG', 'id': '4V8Sr092TqfHkfAA5fXXqG', 'name': 'Luis Fonsi', 'type': 'artist', 'uri': 'spotify:artist:4V8Sr092TqfHkfAA5fXXqG'}], 'available_markets': ['AD', 'AE', 'AG', 'AL', 'AM', 'AO', 'AR', 'AT', 'AU', 'AZ', 'BA', 'BB', 'BD', 'BE', 'BF', 'BG', 'BH', 'BI', 'BJ', 'BN', 'BO', 'BR', 'BS', 'BT', 'BW', 'BY', 'BZ', 'CA', 'CD', 'CG', 'CH', 'CI', 'CL', 'CM', 'CO', 'CR', 'CV', 'CW', 'CY', 'CZ', 'DE', 'DJ', 'DK', 'DM', 'DO', 'DZ', 'EC', 'EE', 'EG', 'ES', 'ET', 'FI', 'FJ', 'FM', 'FR', 'GA', 'GB', 'GD', 'GE', 'GH', 'GM', 'GN', 'GQ', 'GR', 'GT', 'GW', 'GY', 'HK', 'HN', 'HR', 'HT', 'HU', 'ID', 'IE', 'IL', 'IN', 'IQ', 'IS', 'IT', 'JM', 'JO', 'JP', 'KE', 'KG', 'KH', 'KI', 'KM', 'KN', 'KR', 'KW', 'KZ', 'LA', 'LB', 'LC', 'LI', 'LK', 'LR', 'LS', 'LT', 'LU', 'LV', 'LY', 'MA', 'MC', 'MD', 'ME', 'MG', 'MH', 'MK', 'ML', 'MN', 'MO', 'MR', 'MT', 'MU', 'MV', 'MW', 'MX', 'MY', 'MZ', 'NA', 'NE', 'NG', 'NI', 'NL', 'NO', 'NP', 'NR', 'NZ', 'OM', 'PA', 'PE', 'PG', 'PH', 'PK', 'PL', 'PS', 'PT', 'PW', 'PY', 'QA', 'RO', 'RS', 'RW', 'SA', 'SB', 'SC', 'SE', 'SG', 'SI', 'SK', 'SL', 'SM', 'SN', 'SR', 'ST', 'SV', 'SZ', 'TD', 'TG', 'TH', 'TJ', 'TL', 'TN', 'TO', 'TR', 'TT', 'TV', 'TW', 'TZ', 'UA', 'UG', 'US', 'UY', 'UZ', 'VC', 'VE', 'VN', 'VU', 'WS', 'XK', 'ZA', 'ZM', 'ZW'], 'external_urls': {'spotify': 'https://open.spotify.com/album/5C0YLr4OoRGFDaqdMQmkeH'}, 'href': 'https://api.spotify.com/v1/albums/5C0YLr4OoRGFDaqdMQmkeH', 'id': '5C0YLr4OoRGFDaqdMQmkeH', 'images': [{'height': 640, 'url': 'https://i.scdn.co/image/ab67616d0000b273ef0d4234e1a645740f77d59c', 'width': 640}, {'height': 300, 'url': 'https://i.scdn.co/image/ab67616d00001e02ef0d4234e1a645740f77d59c', 'width': 300}, {'height': 64, 'url': 'https://i.scdn.co/image/ab67616d00004851ef0d4234e1a645740f77d59c', 'width': 64}], 'name': 'VIDA', 'release_date': '2019-02-01', 'release_date_precision': 'day', 'total_tracks': 15, 'type': 'album', 'uri': 'spotify:album:5C0YLr4OoRGFDaqdMQmkeH'}","[{'external_urls': {'spotify': 'https://open.spotify.com/artist/4V8Sr092TqfHkfAA5fXXqG'}, 'href': 'https://api.spotify.com/v1/artists/4V8Sr092TqfHkfAA5fXXqG', 'id': '4V8Sr092TqfHkfAA5fXXqG', 'name': 'Luis Fonsi', 'type': 'artist', 'uri': 'spotify:artist:4V8Sr092TqfHkfAA5fXXqG'}, {'external_urls': {'spotify': 'https://open.spotify.com/artist/4VMYDCV2IEDYJArk749S6m'}, 'href': 'https://api.spotify.com/v1/artists/4VMYDCV2IEDYJArk749S6m', 'id': '4VMYDCV2IEDYJArk749S6m', 'name': 'Daddy Yankee', 'type': 'artist', 'uri': 'spotify:artist:4VMYDCV2IEDYJArk749S6m'}]","['AD', 'AE', 'AG', 'AL', 'AM', 'AO', 'AR', 'AT', 'AU', 'AZ', 'BA', 'BB', 'BD', 'BE', 'BF', 'BG', 'BH', 'BI', 'BJ', 'BN', 'BO', 'BR', 'BS', 'BT', 'BW', 'BY', 'BZ', 'CA', 'CD', 'CG', 'CH', 'CI', 'CL', 'CM', 'CO', 'CR', 'CV', 'CW', 'CY', 'CZ', 'DE', 'DJ', 'DK', 'DM', 'DO', 'DZ', 'EC', 'EE', 'EG', 'ES', 'ET', 'FI', 'FJ', 'FM', 'FR', 'GA', 'GB', 'GD', 'GE', 'GH', 'GM', 'GN', 'GQ', 'GR', 'GT', 'GW', 'GY', 'HK', 'HN', 'HR', 'HT', 'HU', 'ID', 'IE', 'IL', 'IN', 'IQ', 'IS', 'IT', 'JM', 'JO', 'JP', 'KE', 'KG', 'KH', 'KI', 'KM', 'KN', 'KR', 'KW', 'KZ', 'LA', 'LB', 'LC', 'LI', 'LK', 'LR', 'LS', 'LT', 'LU', 'LV', 'LY', 'MA', 'MC', 'MD', 'ME', 'MG', 'MH', 'MK', 'ML', 'MN', 'MO', 'MR', 'MT', 'MU', 'MV', 'MW', 'MX', 'MY', 'MZ', 'NA', 'NE', 'NG', 'NI', 'NL', 'NO', 'NP', 'NR', 'NZ', 'OM', 'PA', 'PE', 'PG', 'PH', 'PK', 'PL', 'PS', 'PT', 'PW', 'PY', 'QA', 'RO', 'RS', 'RW', 'SA', 'SB', 'SC', 'SE', 'SG', 'SI', 'SK', 'SL', 'SM', 'SN', 'SR', 'ST', 'SV', 'SZ', 'TD', 'TG', 'TH', 'TJ', 'TL', 'TN', 'TO', 'TR', 'TT', 'TV', 'TW', 'TZ', 'UA', 'UG', 'US', 'UY', 'UZ', 'VC', 'VE', 'VN', 'VU', 'WS', 'XK', 'ZA', 'ZM', 'ZW']",1.0,229360.0,False,{'isrc': 'USUM71607007'},{'spotify': 'https://open.spotify.com/track/6habFhsOp2NvshLv26DqMb'},https://api.spotify.com/v1/tracks/6habFhsOp2NvshLv26DqMb,6habFhsOp2NvshLv26DqMb,False,Despacito,82.0,https://p.scdn.co/mp3-preview/3228a37350f226ab9158a2307d3699ee18d8081a?cid=6e24789ec7874259a220f747fcd7e93e,9.0,track,spotify:track:6habFhsOp2NvshLv26DqMb,
concat_1,3,"{'album_type': 'single', 'artists': [{'external_urls': {'spotify': 'https://open.spotify.com/artist/3PhoLpVuITZKcymswpck5b'}, 'href': 'https://api.spotify.com/v1/artists/3PhoLpVuITZKcymswpck5b', 'id': '3PhoLpVuITZKcymswpck5b', 'name': 'Elton John', 'type': 'artist', 'uri': 'spotify:artist:3PhoLpVuITZKcymswpck5b'}], 'available_markets': ['AD', 'AE', 'AG', 'AL', 'AM', 'AO', 'AR', 'AT', 'AU', 'AZ', 'BA', 'BB', 'BD', 'BE', 'BF', 'BG', 'BH', 'BI', 'BJ', 'BN', 'BO', 'BR', 'BS', 'BT', 'BW', 'BY', 'BZ', 'CA', 'CD', 'CG', 'CH', 'CI', 'CL', 'CM', 'CO', 'CR', 'CV', 'CW', 'CY', 'CZ', 'DE', 'DJ', 'DK', 'DM', 'DO', 'DZ', 'EC', 'EE', 'EG', 'ES', 'ET', 'FI', 'FJ', 'FM', 'FR', 'GA', 'GB', 'GD', 'GE', 'GH', 'GM', 'GN', 'GQ', 'GR', 'GT', 'GW', 'GY', 'HK', 'HN', 'HR', 'HT', 'HU', 'ID', 'IE', 'IL', 'IN', 'IQ', 'IS', 'IT', 'JM', 'JO', 'JP', 'KE', 'KG', 'KH', 'KI', 'KM', 'KN', 'KR', 'KW', 'KZ', 'LA', 'LB', 'LC', 'LI', 'LK', 'LR', 'LS', 'LT', 'LU', 'LV', 'LY', 'MA', 'MC', 'MD', 'ME', 'MG', 'MH', 'MK', 'ML', 'MN', 'MO', 'MR', 'MT', 'MU', 'MV', 'MW', 'MX', 'MY', 'MZ', 'NA', 'NE', 'NG', 'NI', 'NL', 'NO', 'NP', 'NR', 'NZ', 'OM', 'PA', 'PE', 'PG', 'PH', 'PK', 'PL', 'PS', 'PT', 'PW', 'PY', 'QA', 'RO', 'RS', 'RW', 'SA', 'SB', 'SC', 'SE', 'SG', 'SI', 'SK', 'SL', 'SM', 'SN', 'SR', 'ST', 'SV', 'SZ', 'TD', 'TG', 'TH', 'TJ', 'TL', 'TN', 'TO', 'TR', 'TT', 'TV', 'TW', 'TZ', 'UA', 'UG', 'US', 'UY', 'UZ', 'VC', 'VE', 'VN', 'VU', 'WS', 'XK', 'ZA', 'ZM', 'ZW'], 'external_urls': {'spotify': 'https://open.spotify.com/album/3g61rwvRs1NPeVBxuAMmHZ'}, 'href': 'https://api.spotify.com/v1/albums/3g61rwvRs1NPeVBxuAMmHZ', 'id': '3g61rwvRs1NPeVBxuAMmHZ', 'images': [{'height': 640, 'url': 'https://i.scdn.co/image/ab67616d0000b27352a56df14c3a5e318925787c', 'width': 640}, {'height': 300, 'url': 'https://i.scdn.co/image/ab67616d00001e0252a56df14c3a5e318925787c', 'width': 300}, {'height': 64, 'url': 'https://i.scdn.co/image/ab67616d0000485152a56df14c3a5e318925787c', 'width': 64}], 'name': 'Candle In The Wind 1997 / Something About ...', 'release_date': '1997-01-01', 'release_date_precision': 'day', 'total_tracks': 3, 'type': 'album', 'uri': 'spotify:album:3g61rwvRs1NPeVBxuAMmHZ'}","[{'external_urls': {'spotify': 'https://open.spotify.com/artist/3PhoLpVuITZKcymswpck5b'}, 'href': 'https://api.spotify.com/v1/artists/3PhoLpVuITZKcymswpck5b', 'id': '3PhoLpVuITZKcymswpck5b', 'name': 'Elton John', 'type': 'artist', 'uri': 'spotify:artist:3PhoLpVuITZKcymswpck5b'}]","['AD', 'AE', 'AG', 'AL', 'AM', 'AO', 'AR', 'AT', 'AU', 'AZ', 'BA', 'BB', 'BD', 'BE', 'BF', 'BG', 'BH', 'BI', 'BJ', 'BN', 'BO', 'BR', 'BS', 'BT', 'BW', 'BY', 'BZ', 'CA', 'CD', 'CG', 'CH', 'CI', 'CL', 'CM', 'CO', 'CR', 'CV', 'CW', 'CY', 'CZ', 'DE', 'DJ', 'DK', 'DM', 'DO', 'DZ', 'EC', 'EE', 'EG', 'ES', 'ET', 'FI', 'FJ', 'FM', 'FR', 'GA', 'GB', 'GD', 'GE', 'GH', 'GM', 'GN', 'GQ', 'GR', 'GT', 'GW', 'GY', 'HK', 'HN', 'HR', 'HT', 'HU', 'ID', 'IE', 'IL', 'IN', 'IQ', 'IS', 'IT', 'JM', 'JO', 'JP', 'KE', 'KG', 'KH', 'KI', 'KM', 'KN', 'KR', 'KW', 'KZ', 'LA', 'LB', 'LC', 'LI', 'LK', 'LR', 'LS', 'LT', 'LU', 'LV', 'LY', 'MA', 'MC', 'MD', 'ME', 'MG', 'MH', 'MK', 'ML', 'MN', 'MO', 'MR', 'MT', 'MU', 'MV', 'MW', 'MX', 'MY', 'MZ', 'NA', 'NE', 'NG', 'NI', 'NL', 'NO', 'NP', 'NR', 'NZ', 'OM', 'PA', 'PE', 'PG', 'PH', 'PK', 'PL', 'PS', 'PT', 'PW', 'PY', 'QA', 'RO', 'RS', 'RW', 'SA', 'SB', 'SC', 'SE', 'SG', 'SI', 'SK', 'SL', 'SM', 'SN', 'SR', 'ST', 'SV', 'SZ', 'TD', 'TG', 'TH', 'TJ', 'TL', 'TN', 'TO', 'TR', 'TT', 'TV', 'TW', 'TZ', 'UA', 'UG', 'US', 'UY', 'UZ', 'VC', 'VE', 'VN', 'VU', 'WS', 'XK', 'ZA', 'ZM', 'ZW']",1.0,250106.0,False,{'isrc': 'GBAMS9700016'},{'spotify': 'https://open.spotify.com/track/3DUcaEvPO72PijivCjtZcU'},https://api.spotify.com/v1/tracks/3DUcaEvPO72PijivCjtZcU,3DUcaEvPO72PijivCjtZcU,False,Candle In The Wind 1997,59.0,https://p.scdn.co/mp3-preview/0ecbe79700a7b1f71ef77b41b523fc10e34ecd00?cid=6e24789ec7874259a220f747fcd7e93e,2.0,track,spotify:track:3DUcaEvPO72PijivCjtZcU,
concat_1,4,"{'album_type': 'album', 'artists': [{'external_urls': {'spotify': 'https://open.spotify.com/artist/2JXn03fudjyRkQ1Ye9f5rk'}, 'href': 'https://api.spotify.com/v1/artists/2JXn03fudjyRkQ1Ye9f5rk', 'id': '2JXn03fudjyRkQ1Ye9f5rk', 'name': 'Los Del Rio', 'type': 'artist', 'uri': 'spotify:artist:2JXn03fudjyRkQ1Ye9f5rk'}], 'available_markets': ['AD', 'AE', 'AG', 'AL', 'AM', 'AO', 'AR', 'AT', 'AU', 'AZ', 'BA', 'BB', 'BD', 'BE', 'BF', 'BG', 'BH', 'BI', 'BJ', 'BN', 'BO', 'BR', 'BS', 'BT', 'BW', 'BY', 'BZ', 'CA', 'CD', 'CG', 'CH', 'CI', 'CL', 'CM', 'CO', 'CR', 'CV', 'CW', 'CY', 'CZ', 'DE', 'DJ', 'DK', 'DM', 'DO', 'DZ', 'EC', 'EE', 'EG', 'ES', 'ET', 'FI', 'FJ', 'FM', 'FR', 'GA', 'GB', 'GD', 'GE', 'GH', 'GM', 'GN', 'GQ', 'GR', 'GT', 'GW', 'GY', 'HK', 'HN', 'HR', 'HT', 'HU', 'ID', 'IE', 'IL', 'IN', 'IQ', 'IS', 'IT', 'JM', 'JO', 'JP', 'KE', 'KG', 'KH', 'KI', 'KM', 'KN', 'KR', 'KW', 'KZ', 'LA', 'LB', 'LC', 'LI', 'LK', 'LR', 'LS', 'LT', 'LU', 'LV', 'LY', 'MA', 'MC', 'MD', 'ME', 'MG', 'MH', 'MK', 'ML', 'MN', 'MO', 'MR', 'MT', 'MU', 'MV', 'MW', 'MX', 'MY', 'MZ', 'NA', 'NE', 'NG', 'NI', 'NL', 'NO', 'NP', 'NR', 'NZ', 'OM', 'PA', 'PE', 'PG', 'PH', 'PK', 'PL', 'PS', 'PT', 'PW', 'PY', 'QA', 'RO', 'RS', 'RW', 'SA', 'SB', 'SC', 'SE', 'SG', 'SI', 'SK', 'SL', 'SM', 'SN', 'SR', 'ST', 'SV', 'SZ', 'TD', 'TG', 'TH', 'TJ', 'TL', 'TN', 'TO', 'TR', 'TT', 'TV', 'TW', 'TZ', 'UA', 'UG', 'US', 'UY', 'UZ', 'VC', 'VE', 'VN', 'VU', 'WS', 'XK', 'ZA', 'ZM', 'ZW'], 'external_urls': {'spotify': 'https://open.spotify.com/album/6yPJmxBhq3zxj9gfTddfyU'}, 'href': 'https://api.spotify.com/v1/albums/6yPJmxBhq3zxj9gfTddfyU', 'id': '6yPJmxBhq3zxj9gfTddfyU', 'images': [{'height': 640, 'url': 'https://i.scdn.co/image/ab67616d0000b273a8c284ce171e96a79eabf7de', 'width': 640}, {'height': 300, 'url': 'https://i.scdn.co/image/ab67616d00001e02a8c284ce171e96a79eabf7de', 'width': 300}, {'height': 64, 'url': 'https://i.scdn.co/image/ab67616d00004851a8c284ce171e96a79eabf7de', 'width': 64}], 'name': 'Fiesta Macarena', 'release_date': '1996-04-29', 'release_date_precision': 'day', 'total_tracks': 14, 'type': 'album', 'uri': 'spotify:album:6yPJmxBhq3zxj9gfTddfyU'}","[{'external_urls': {'spotify': 'https://open.spotify.com/artist/2JXn03fudjyRkQ1Ye9f5rk'}, 'href': 'https://api.spotify.com/v1/artists/2JXn03fudjyRkQ1Ye9f5rk', 'id': '2JXn03fudjyRkQ1Ye9f5rk', 'name': 'Los Del Rio', 'type': 'artist', 'uri': 'spotify:artist:2JXn03fudjyRkQ1Ye9f5rk'}]","['AD', 'AE', 'AG', 'AL', 'AM', 'AO', 'AR', 'AT', 'AU', 'AZ', 'BA', 'BB', 'BD', 'BE', 'BF', 'BG', 'BH', 'BI', 'BJ', 'BN', 'BO', 'BR', 'BS', 'BT', 'BW', 'BY', 'BZ', 'CA', 'CD', 'CG', 'CH', 'CI', 'CL', 'CM', 'CO', 'CR', 'CV', 'CW', 'CY', 'CZ', 'DE', 'DJ', 'DK', 'DM', 'DO', 'DZ', 'EC', 'EE', 'EG', 'ES', 'ET', 'FI', 'FJ', 'FM', 'FR', 'GA', 'GB', 'GD', 'GE', 'GH', 'GM', 'GN', 'GQ', 'GR', 'GT', 'GW', 'GY', 'HK', 'HN', 'HR', 'HT', 'HU', 'ID', 'IE', 'IL', 'IN', 'IQ', 'IS', 'IT', 'JM', 'JO', 'JP', 'KE', 'KG', 'KH', 'KI', 'KM', 'KN', 'KR', 'KW', 'KZ', 'LA', 'LB', 'LC', 'LI', 'LK', 'LR', 'LS', 'LT', 'LU', 'LV', 'LY', 'MA', 'MC', 'MD', 'ME', 'MG', 'MH', 'MK', 'ML', 'MN', 'MO', 'MR', 'MT', 'MU', 'MV', 'MW', 'MX', 'MY', 'MZ', 'NA', 'NE', 'NG', 'NI', 'NL', 'NO', 'NP', 'NR', 'NZ', 'OM', 'PA', 'PE', 'PG', 'PH', 'PK', 'PL', 'PS', 'PT', 'PW', 'PY', 'QA', 'RO', 'RS', 'RW', 'SA', 'SB', 'SC', 'SE', 'SG', 'SI', 'SK', 'SL', 'SM', 'SN', 'SR', 'ST', 'SV', 'SZ', 'TD', 'TG', 'TH', 'TJ', 'TL', 'TN', 'TO', 'TR', 'TT', 'TV', 'TW', 'TZ', 'UA', 'UG', 'US', 'UY', 'UZ', 'VC', 'VE', 'VN', 'VU', 'WS', 'XK', 'ZA', 'ZM', 'ZW']",1.0,249506.0,False,{'isrc': 'ES5109500538'},{'spotify': 'https://open.spotify.com/track/4oaj36KzXRgDg4McgcTsZK'},https://api.spotify.com/v1/tracks/4oaj36KzXRgDg4McgcTsZK,4oaj36KzXRgDg4McgcTsZK,False,Macarena,61.0,https://p.scdn.co/mp3-preview/b9fd8c94d695a35afabaf96795ae41cd1e285489?cid=6e24789ec7874259a220f747fcd7e93e,12.0,track,spotify:track:4oaj36KzXRgDg4McgcTsZK,
position_df_5,"('Old Town Road', 'Lil Nas X Featuring Billy Ray Cyrus')",,,,,,,,,,,,,,,,,,19.0
position_df_5,"('One Sweet Day', 'Mariah Carey & Boyz II Men')",,,,,,,,,,,,,,,,,,16.0
position_df_5,"('Despacito', 'Luis Fonsi & Daddy Yankee Featuring Justin Bieber')",,,,,,,,,,,,,,,,,,16.0
position_df_5,"('Candle In The Wind 1997/Something About The Way You Look Tonight', 'Elton John')",,,,,,,,,,,,,,,,,,14.0
position_df_5,"('Macarena (Bayside Boys Mix)', 'Los Del Rio')",,,,,,,,,,,,,,,,,,14.0
